,Date,Expiry,CE_short_en_date,PE_short_en_date,CE_long_en_date,PE_long_en_date,CE_short_ex_date,PE_short_ex_date,CE_long_ex_date,PE_long_ex_date,Fut_En_price,ATM_stk,CE_short_stk,PE_short_stk,CE_long_stk,PE_long_stk,CE_short_en_price,PE_short_en_price,CE_long_en_price,PE_long_en_price,CE_short_ex_price,PE_short_ex_price,CE_long_ex_price,PE_long_ex_price,TP/SL/SqOFF,Abs_return,Lot_size,Contracts,P&L,Capital,Return_pct,Cumulative_Returns,Peak,Drawdown
1,2017-01-02,2017-01-05,2017-01-02 10:30:59,2017-01-02 10:30:59,2017-01-02 10:30:59,2017-01-02 10:30:59,2017-01-02 11:20:59,2017-01-02 11:20:59,2017-01-02 11:20:59,2017-01-02 11:20:59,18067.95,18100,18100,18100,18500,17700,89.5,171.45,16.15,32.35,56.25,288.15,10.35,75.55,SL,-46.04999999999999,15.0,30.0,-20722.499999999996,979277.5,-2.07225,0.9792775,0.9792775,0.0
2,2017-01-03,2017-01-05,2017-01-03 10:30:59,2017-01-03 10:30:59,2017-01-03 10:30:59,2017-01-03 10:30:59,2017-01-03 15:20:59,2017-01-03 15:20:59,2017-01-03 15:20:59,2017-01-03 15:20:59,18107.0,18100,18100,18100,18500,17700,90.75,136.55,12.25,21.25,60.75,146.9,5.45,19.7,SqOFF,11.300000000000004,15.0,30.0,5085.000000000002,984362.5,0.5192603730811749,0.9843624999999999,0.9843624999999999,0.0
3,2017-01-04,2017-01-05,2017-01-04 10:30:59,2017-01-04 10:30:59,2017-01-04 10:30:59,2017-01-04 10:30:59,2017-01-04 15:20:59,2017-01-04 15:20:59,2017-01-04 15:20:59,2017-01-04 15:20:59,18048.05,18000,18000,18000,18400,17600,94.3,82.5,6.3,6.0,27.95,125.95,0.95,4.65,SqOFF,16.19999999999999,15.0,31.0,7532.9999999999945,991895.5,0.7652668605315618,0.9918954999999998,0.9918954999999998,0.0
4,2017-01-05,2017-01-05,2017-01-05 10:30:59,2017-01-05 10:30:59,2017-01-05 10:30:59,2017-01-05 10:30:59,2017-01-05 15:11:59,2017-01-05 15:11:59,2017-01-05 15:13:59,2017-01-05 15:22:59,18079.7,18100,18100,18100,18500,17700,20.25,78.8,0.1,0.35,17.95,0.35,0.05,0.05,TP,80.4,15.0,32.0,38592.0,1030487.5,3.890732441068641,1.0304874999999998,1.0304874999999998,0.0
5,2017-01-06,2017-01-12,2017-01-06 10:30:59,2017-01-06 10:30:59,2017-01-06 10:30:59,2017-01-06 10:30:59,2017-01-06 15:20:59,2017-01-06 15:20:59,2017-01-06 15:20:59,2017-01-06 15:20:59,18340.0,18300,18300,18300,18700,17900,129.0,137.0,19.5,30.55,108.7,144.0,12.65,31.35,SqOFF,7.249999999999998,15.0,30.0,3262.499999999999,1033750.0,0.31659772680406106,1.0337499999999997,1.0337499999999997,0.0
6,2017-01-09,2017-01-12,2017-01-09 10:30:59,2017-01-09 10:30:59,2017-01-09 10:30:59,2017-01-09 10:30:59,2017-01-09 15:20:59,2017-01-09 15:20:59,2017-01-09 15:20:59,2017-01-09 15:20:59,18359.1,18400,18400,18400,18800,18000,77.95,160.0,4.6,30.6,66.3,170.0,3.25,28.1,SqOFF,-2.199999999999994,15.0,31.0,-1022.9999999999973,1032727.0,-0.09896009673518716,1.0327269999999997,1.0337499999999997,-0.09896009673518708
7,2017-01-10,2017-01-12,2017-01-10 10:30:59,2017-01-10 10:30:59,2017-01-10 10:30:59,2017-01-10 10:30:59,2017-01-10 15:20:59,2017-01-10 15:20:59,2017-01-10 15:20:59,2017-01-10 15:20:59,18361.75,18400,18400,18400,18800,18000,64.0,135.9,1.7,14.55,85.5,78.7,2.5,7.6,SqOFF,29.549999999999997,15.0,32.0,14183.999999999998,1046911.0,1.3734510669324997,1.0469109999999997,1.0469109999999997,0.0
8,2017-01-11,2017-01-12,2017-01-11 10:30:59,2017-01-11 10:30:59,2017-01-11 10:30:59,2017-01-11 10:30:59,2017-01-11 13:12:59,2017-01-11 13:12:59,2017-01-11 13:12:59,2017-01-11 13:12:59,18625.9,18600,18600,18600,19000,18200,58.4,82.65,0.95,3.65,172.0,16.0,9.55,1.55,SL,-40.44999999999999,15.0,33.0,-20022.749999999996,1026888.25,-1.9125551264625167,1.0268882499999998,1.0469109999999997,-1.912555126462505
9,2017-01-12,2017-01-12,2017-01-12 10:30:59,2017-01-12 10:30:59,2017-01-12 10:31:59,2017-01-12 10:30:59,2017-01-12 15:01:59,2017-01-12 15:01:59,2017-01-12 14:47:59,2017-01-12 15:01:59,18860.0,18900,18900,18900,19300,18500,21.15,77.65,0.25,0.95,3.0,15.0,0.05,0.05,TP,79.7,15.0,32.0,38256.0,1065144.25,3.725429714479643,1.06514425,1.06514425,0.0
10,2017-01-13,2017-01-19,2017-01-13 10:30:59,2017-01-13 10:30:59,2017-01-13 10:30:59,2017-01-13 10:30:59,2017-01-13 15:20:59,2017-01-13 15:20:59,2017-01-13 15:20:59,2017-01-13 15:20:59,18830.0,18800,18800,18800,19200,18400,132.05,136.85,26.9,27.35,184.8,89.0,36.0,18.7,SqOFF,-4.450000000000006,15.0,31.0,-2069.2500000000027,1063075.0,-0.19426946162456424,1.063075,1.06514425,-0.1942694616245557
11,2017-01-16,2017-01-19,2017-01-16 10:30:59,2017-01-16 10:30:59,2017-01-16 10:30:59,2017-01-16 10:30:59,2017-01-16 15:20:59,2017-01-16 15:20:59,2017-01-16 15:20:59,2017-01-16 15:20:59,19005.2,19000,19000,19000,19400,18600,108.55,133.0,15.25,25.95,180.6,69.6,27.0,14.65,SqOFF,-8.19999999999999,15.0,31.0,-3812.9999999999955,1059262.0,-0.358676480963243,1.0592620000000001,1.06514425,-0.5522491437192434
12,2017-01-17,2017-01-19,2017-01-17 10:30:59,2017-01-17 10:30:59,2017-01-17 10:30:59,2017-01-17 10:30:59,2017-01-17 15:20:59,2017-01-17 15:20:59,2017-01-17 15:20:59,2017-01-17 15:20:59,19164.35,19200,19200,19200,19600,18800,83.0,136.9,8.4,22.8,55.1,165.15,3.95,24.5,SqOFF,-3.1000000000000023,15.0,31.0,-1441.500000000001,1057820.5,-0.1360853122268146,1.0578205,1.06514425,-0.6875829259745665
13,2017-01-18,2017-01-19,2017-01-18 10:30:59,2017-01-18 10:30:59,2017-01-18 10:30:59,2017-01-18 10:30:59,2017-01-18 15:20:59,2017-01-18 15:20:59,2017-01-18 15:21:59,2017-01-18 15:20:59,19290.15,19300,19300,19300,19700,18900,70.45,95.95,2.75,7.2,28.0,133.0,0.35,6.7,SqOFF,2.5000000000000058,15.0,31.0,1162.5000000000027,1058983.0,0.10989577154158033,1.0589830000000002,1.06514425,-0.5784427789944577
14,2017-01-19,2017-01-19,2017-01-19 10:30:59,2017-01-19 10:30:59,2017-01-19 10:30:59,2017-01-19 10:30:59,2017-01-19 15:20:59,2017-01-19 15:21:59,2017-01-19 15:21:59,2017-01-19 15:28:59,19116.25,19100,19100,19100,19500,18700,39.35,46.0,0.15,0.25,21.1,0.1,0.05,0.05,SqOFF,63.85000000000001,15.0,33.0,31605.750000000004,1090588.75,2.9845379954163573,1.0905887500000002,1.0905887500000002,0.0
15,2017-01-20,2017-01-25,2017-01-20 10:30:59,2017-01-20 10:30:59,2017-01-20 10:30:59,2017-01-20 10:30:59,2017-01-20 15:20:59,2017-01-20 15:20:59,2017-01-20 15:20:59,2017-01-20 15:20:59,19002.5,19000,19000,19000,19400,18600,138.1,129.8,23.1,23.6,69.95,221.6,9.45,56.0,SqOFF,-4.899999999999999,15.0,31.0,-2278.499999999999,1088310.25,-0.2089238496179242,1.0883102500000001,1.0905887500000002,-0.20892384961793084
16,2017-01-23,2017-01-25,2017-01-23 10:30:59,2017-01-23 10:30:59,2017-01-23 10:30:59,2017-01-23 10:30:59,2017-01-23 15:20:59,2017-01-23 15:20:59,2017-01-23 15:20:59,2017-01-23 15:20:59,18866.65,18900,18900,18900,19300,18500,94.0,124.95,9.9,18.2,88.75,97.25,7.15,7.3,SqOFF,19.300000000000004,15.0,32.0,9264.000000000002,1097574.25,0.8512278552921837,1.0975742500000003,1.0975742500000003,0.0
17,2017-01-24,2017-01-25,2017-01-24 10:30:59,2017-01-24 10:30:59,2017-01-24 10:30:59,2017-01-24 10:30:59,2017-01-24 15:20:59,2017-01-24 15:20:59,2017-01-24 15:21:59,2017-01-24 15:20:59,18984.1,19000,19000,19000,19400,18600,67.65,79.5,2.7,4.05,79.65,39.2,1.95,2.95,SqOFF,26.449999999999996,15.0,33.0,13092.749999999998,1110667.0,1.1928805727721836,1.1106670000000003,1.1106670000000003,0.0
18,2017-01-25,2017-01-25,2017-01-25 10:30:59,2017-01-25 10:30:59,2017-01-25 10:30:59,2017-01-25 10:30:59,2017-01-25 13:03:59,2017-01-25 13:03:59,2017-01-25 13:04:59,2017-01-25 13:03:59,19148.0,19100,19100,19100,19500,18700,62.0,22.3,0.35,0.35,106.45,3.5,0.3,0.3,SL,-25.750000000000004,15.0,34.0,-13132.500000000002,1097534.5,-1.1823976043224478,1.0975345000000003,1.1106670000000003,-1.1823976043224467
19,2017-01-27,2017-02-02,2017-01-27 10:30:59,2017-01-27 10:30:59,2017-01-27 10:30:59,2017-01-27 10:30:59,2017-01-27 15:20:59,2017-01-27 15:20:59,2017-01-27 15:20:59,2017-01-27 15:20:59,19765.0,19800,19800,19800,20200,19400,187.2,284.85,83.0,111.85,210.5,288.0,93.3,113.15,SqOFF,-14.84999999999998,15.0,26.0,-5791.499999999992,1091743.0,-0.5276827288800481,1.0917430000000004,1.1106670000000003,-1.7038410252577896
20,2017-01-30,2017-02-02,2017-01-30 10:30:59,2017-01-30 10:30:59,2017-01-30 10:30:59,2017-01-30 10:30:59,2017-01-30 15:20:59,2017-01-30 15:20:59,2017-01-30 15:20:59,2017-01-30 15:20:59,19718.9,19700,19700,19700,20100,19300,241.0,275.0,111.4,105.5,196.2,300.8,87.25,116.8,SqOFF,6.1499999999999915,15.0,26.0,2398.499999999997,1094141.5,0.219694561815372,1.0941415000000003,1.1106670000000003,-1.487889709516891
21,2017-01-31,2017-02-02,2017-01-31 10:30:59,2017-01-31 10:30:59,2017-01-31 10:30:59,2017-01-31 10:30:59,2017-01-31 15:20:59,2017-01-31 15:20:59,2017-01-31 15:20:59,2017-01-31 15:20:59,19549.05,19500,19500,19500,19900,19100,235.5,233.95,102.05,82.6,234.0,204.3,98.25,68.6,SqOFF,13.34999999999998,15.0,27.0,5406.749999999992,1099548.25,0.4941545494801167,1.0995482500000004,1.1106670000000003,-1.0010876347275863
22,2017-02-01,2017-02-02,2017-02-01 10:30:59,2017-02-01 10:30:59,2017-02-01 10:30:59,2017-02-01 10:30:59,2017-02-01 15:20:59,2017-02-01 15:20:59,2017-02-01 15:20:59,2017-02-01 15:20:59,19627.75,19600,19600,19600,20000,19200,216.35,244.65,84.75,95.15,443.1,7.1,123.0,2.15,SqOFF,-43.95000000000002,15.0,27.0,-17799.750000000007,1081748.5,-1.6188239124567756,1.0817485000000004,1.1106670000000003,-2.603705701168743
23,2017-02-02,2017-02-02,2017-02-02 10:30:59,2017-02-02 10:30:59,2017-02-02 10:30:59,2017-02-02 10:30:59,2017-02-02 11:31:59,2017-02-02 11:31:59,2017-02-02 11:31:59,2017-02-02 11:31:59,20116.5,20100,20100,20100,20500,19700,40.25,71.0,0.85,1.0,9.7,141.6,0.25,2.35,SL,-39.3,15.0,32.0,-18864.0,1062884.5,-1.7438434164688001,1.0628845000000005,1.1106670000000003,-4.302144567183488
24,2017-02-03,2017-02-09,2017-02-03 10:30:59,2017-02-03 10:30:59,2017-02-03 10:30:59,2017-02-03 10:30:59,2017-02-03 15:20:59,2017-02-03 15:20:59,2017-02-03 15:20:59,2017-02-03 15:20:59,20152.25,20200,20200,20200,20600,19800,142.0,232.0,34.1,70.9,165.0,165.0,36.9,46.8,SqOFF,22.69999999999999,15.0,27.0,9193.499999999995,1072078.0,0.8649575753527307,1.0720780000000003,1.1106670000000003,-3.4743987171672495
25,2017-02-06,2017-02-09,2017-02-06 10:30:59,2017-02-06 10:30:59,2017-02-06 10:30:59,2017-02-06 10:30:59,2017-02-06 15:20:59,2017-02-06 15:20:59,2017-02-06 15:20:59,2017-02-06 15:20:59,20490.65,20500,20500,20500,20900,20100,145.5,193.85,36.0,50.5,109.65,222.95,23.1,56.85,SqOFF,0.20000000000000284,15.0,27.0,81.00000000000115,1072159.0,0.007555420407843567,1.0721590000000003,1.1106670000000003,-3.4671058021891326
26,2017-02-07,2017-02-09,2017-02-07 10:30:59,2017-02-07 10:30:59,2017-02-07 10:30:59,2017-02-07 10:30:59,2017-02-07 15:20:59,2017-02-07 15:20:59,2017-02-07 15:20:59,2017-02-07 15:20:59,20384.85,20400,20400,20400,20800,20000,125.75,188.3,25.75,42.0,121.0,177.3,23.2,36.3,SqOFF,7.4999999999999964,15.0,28.0,3149.999999999998,1075309.0,0.29379970694645086,1.0753090000000003,1.1106670000000003,-3.183492441929038
27,2017-02-08,2017-02-09,2017-02-08 10:30:59,2017-02-08 10:30:59,2017-02-08 10:30:59,2017-02-08 10:30:59,2017-02-08 15:20:59,2017-02-08 15:20:59,2017-02-08 15:20:59,2017-02-08 15:20:59,20372.9,20400,20400,20400,20800,20000,113.8,177.9,20.4,38.0,54.6,101.6,2.85,6.3,SqOFF,86.25,15.0,28.0,36225.0,1111534.0,3.3687991079773347,1.1115340000000002,1.1115340000000002,0.0
28,2017-02-09,2017-02-09,2017-02-09 10:30:59,2017-02-09 10:30:59,2017-02-09 10:30:59,2017-02-09 10:30:59,2017-02-09 10:32:59,2017-02-09 10:32:59,2017-02-09 10:32:59,2017-02-09 10:32:59,20200.15,20200,20200,20200,20600,19800,38.05,83.45,0.95,3.35,27.0,139.75,0.9,8.6,SL,-40.05,15.0,32.0,-19224.0,1092310.0,-1.7295017516333284,1.0923100000000001,1.1115340000000002,-1.7295017516333395
29,2017-02-10,2017-02-16,2017-02-10 10:30:59,2017-02-10 10:30:59,2017-02-10 10:30:59,2017-02-10 10:30:59,2017-02-10 15:20:59,2017-02-10 15:20:59,2017-02-10 15:20:59,2017-02-10 15:20:59,20326.15,20300,20300,20300,20700,19900,147.5,156.0,31.1,40.4,113.15,175.05,17.25,41.35,SqOFF,2.3999999999999844,15.0,29.0,1043.9999999999932,1093354.0,0.095577262864937,1.0933540000000002,1.1115340000000002,-1.6355774992038103
30,2017-02-13,2017-02-16,2017-02-13 10:30:59,2017-02-13 10:30:59,2017-02-13 10:30:59,2017-02-13 10:30:59,2017-02-13 15:20:59,2017-02-13 15:20:59,2017-02-13 15:20:59,2017-02-13 15:20:59,20290.1,20300,20300,20300,20700,19900,107.9,146.2,13.1,27.75,99.0,138.65,11.45,25.6,SqOFF,12.64999999999999,15.0,30.0,5692.499999999995,1099046.5,0.5206456463322945,1.0990465000000003,1.1115340000000002,-1.1234474159135017
31,2017-02-14,2017-02-16,2017-02-14 10:30:59,2017-02-14 10:30:59,2017-02-14 10:30:59,2017-02-14 10:30:59,2017-02-14 15:20:59,2017-02-14 15:20:59,2017-02-14 15:20:59,2017-02-14 15:20:59,20293.0,20300,20300,20300,20700,19900,91.35,132.65,8.8,21.45,80.8,116.75,6.15,15.75,SqOFF,18.100000000000005,15.0,30.0,8145.000000000002,1107191.5,0.7410969417581514,1.1071915,1.1115340000000002,-0.39067630859696034
32,2017-02-15,2017-02-16,2017-02-15 10:30:59,2017-02-15 10:30:59,2017-02-15 10:30:59,2017-02-15 10:30:59,2017-02-15 11:39:59,2017-02-15 11:39:59,2017-02-15 11:39:59,2017-02-15 11:39:59,20330.95,20300,20300,20300,20700,19900,87.9,84.0,3.6,9.15,43.25,180.85,2.15,26.25,SL,-36.54999999999999,15.0,31.0,-16995.749999999996,1090195.75,-1.5350325576018238,1.0901957500000001,1.1115340000000002,-1.9197118576669818
33,2017-02-16,2017-02-16,2017-02-16 10:30:59,2017-02-16 10:30:59,2017-02-16 10:31:59,2017-02-16 10:30:59,2017-02-16 11:34:59,2017-02-16 11:34:59,2017-02-16 11:34:59,2017-02-16 11:34:59,20140.4,20100,20100,20100,20500,19700,62.3,50.5,0.6,1.15,138.65,11.35,1.75,0.25,SL,-36.95000000000001,15.0,32.0,-17736.000000000004,1072459.75,-1.626863799459868,1.0724597500000002,1.1115340000000002,-3.515344559860524
34,2017-02-17,2017-02-23,2017-02-17 10:30:59,2017-02-17 10:30:59,2017-02-17 10:30:59,2017-02-17 10:30:59,2017-02-17 15:20:59,2017-02-17 15:20:59,2017-02-17 15:20:59,2017-02-17 15:20:59,20584.05,20600,20600,20600,21000,20200,149.5,168.25,28.9,46.85,108.6,188.45,18.95,47.0,SqOFF,10.900000000000016,15.0,28.0,4578.000000000006,1077037.75,0.4268691668848184,1.0770377500000001,1.1115340000000002,-3.1034813150115164
35,2017-02-20,2017-02-23,2017-02-20 10:30:59,2017-02-20 10:30:59,2017-02-20 10:30:59,2017-02-20 10:30:59,2017-02-20 15:20:59,2017-02-20 15:20:59,2017-02-20 15:20:59,2017-02-20 15:20:59,20544.95,20500,20500,20500,20900,20100,153.15,110.8,24.35,21.25,218.8,53.6,36.1,8.5,SqOFF,-9.45000000000001,15.0,29.0,-4110.750000000005,1072927.0,-0.3816718587626111,1.0729270000000002,1.1115340000000002,-3.473308058952767
36,2017-02-21,2017-02-23,2017-02-21 10:30:59,2017-02-21 10:30:59,2017-02-21 10:30:59,2017-02-21 10:30:59,2017-02-21 15:10:59,2017-02-21 15:10:59,2017-02-21 15:10:59,2017-02-21 15:10:59,20646.4,20600,20600,20600,21000,20200,133.0,90.6,12.6,10.55,280.0,19.45,40.7,4.85,SL,-53.45000000000001,15.0,29.0,-23250.750000000004,1049676.25,-2.1670393232717604,1.0496762500000003,1.1115340000000002,-5.565079430768642
37,2017-02-27,2017-03-02,2017-02-27 10:30:59,2017-02-27 10:30:59,2017-02-27 10:30:59,2017-02-27 10:30:59,2017-02-27 15:20:59,2017-02-27 15:20:59,2017-02-27 15:20:59,2017-02-27 15:20:59,20752.0,20800,20800,20800,21200,20400,103.35,183.0,18.2,40.25,67.2,210.5,8.8,42.7,SqOFF,1.6999999999999957,15.0,27.0,688.4999999999983,1050364.75,0.06559165266433324,1.0503647500000004,1.1115340000000002,-5.503138005675025
38,2017-02-28,2017-03-02,2017-02-28 10:30:59,2017-02-28 10:30:59,2017-02-28 10:30:59,2017-02-28 10:30:59,2017-02-28 15:20:59,2017-02-28 15:20:59,2017-02-28 15:20:59,2017-02-28 15:20:59,20719.95,20700,20700,20700,21100,20300,96.6,115.05,9.65,14.25,74.0,133.55,6.0,16.6,SqOFF,2.799999999999981,15.0,29.0,1217.9999999999918,1051582.75,0.11595971780279106,1.0515827500000003,1.1115340000000002,-5.393559711173917
39,2017-03-01,2017-03-02,2017-03-01 10:30:59,2017-03-01 10:30:59,2017-03-01 10:30:59,2017-03-01 10:30:59,2017-03-01 15:20:59,2017-03-01 15:20:59,2017-03-01 15:20:59,2017-03-01 15:20:59,20865.85,20900,20900,20900,21300,20500,52.0,123.0,2.35,9.55,31.85,115.25,0.6,4.35,SqOFF,20.949999999999996,15.0,29.0,9113.249999999998,1060696.0,0.8666222415687208,1.0606960000000003,1.1115340000000002,-4.573679257674523
40,2017-03-02,2017-03-02,2017-03-02 10:30:59,2017-03-02 10:30:59,2017-03-02 10:30:59,2017-03-02 10:30:59,2017-03-02 13:04:59,2017-03-02 13:04:59,2017-03-02 13:26:59,2017-03-02 13:04:59,20889.5,20900,20900,20900,21300,20500,29.25,70.1,0.05,0.55,3.95,131.5,0.05,0.85,SL,-35.80000000000001,15.0,30.0,-16110.000000000007,1044586.0,-1.5188140617104247,1.0445860000000002,1.1115340000000002,-6.023027635681859
41,2017-03-03,2017-03-09,2017-03-03 10:30:59,2017-03-03 10:30:59,2017-03-03 10:30:59,2017-03-03 10:30:59,2017-03-03 15:20:59,2017-03-03 15:20:59,2017-03-03 15:20:59,2017-03-03 15:20:59,20528.25,20500,20500,20500,20900,20100,143.7,151.85,28.65,37.9,160.25,122.4,32.55,28.0,SqOFF,6.899999999999977,15.0,27.0,2794.499999999991,1047380.5,0.2675222528350936,1.0473805,1.1115340000000002,-5.7716183220666375
42,2017-03-06,2017-03-09,2017-03-06 10:30:59,2017-03-06 10:30:59,2017-03-06 10:30:59,2017-03-06 10:30:59,2017-03-06 15:20:59,2017-03-06 15:20:59,2017-03-06 15:20:59,2017-03-06 15:20:59,20775.0,20800,20800,20800,21200,20400,89.65,156.05,7.75,27.25,70.2,170.9,6.1,27.25,SqOFF,2.950000000000008,15.0,28.0,1239.0000000000034,1048619.5,0.11829511815429096,1.0486195,1.1115340000000002,-5.660150746625852
43,2017-03-07,2017-03-09,2017-03-07 10:30:59,2017-03-07 10:30:59,2017-03-07 10:30:59,2017-03-07 10:30:59,2017-03-07 15:20:59,2017-03-07 15:20:59,2017-03-07 15:20:59,2017-03-07 15:20:59,20688.6,20700,20700,20700,21100,20300,84.2,127.5,7.1,16.6,86.3,109.25,7.05,11.3,SqOFF,10.800000000000004,15.0,29.0,4698.000000000002,1053317.5,0.44801760791211703,1.0533175,1.1115340000000002,-5.237491610693
44,2017-03-08,2017-03-09,2017-03-08 10:30:59,2017-03-08 10:30:59,2017-03-08 10:30:59,2017-03-08 10:30:59,2017-03-08 11:15:59,2017-03-08 11:15:59,2017-03-08 11:15:59,2017-03-08 11:15:59,20757.95,20800,20800,20800,21200,20400,50.2,134.0,1.9,12.0,25.3,216.0,0.9,30.35,SL,-39.74999999999999,15.0,29.0,-17291.249999999996,1036026.25,-1.6415990430235894,1.03602625,1.1115340000000002,-6.79311204155701
45,2017-03-09,2017-03-09,2017-03-09 10:30:59,2017-03-09 10:30:59,2017-03-09 10:30:59,2017-03-09 10:30:59,2017-03-09 15:20:59,2017-03-09 15:20:59,2017-03-09 15:23:59,2017-03-09 15:20:59,20761.95,20800,20800,20800,21200,20400,25.15,109.05,0.1,3.15,0.1,86.0,0.05,0.05,SqOFF,44.949999999999996,15.0,29.0,19553.25,1055579.5,1.8873315227292746,1.0555795000000001,1.1115340000000002,-5.033989063762342
46,2017-03-10,2017-03-16,2017-03-10 10:30:59,2017-03-10 10:30:59,2017-03-10 10:30:59,2017-03-10 10:30:59,2017-03-10 15:20:59,2017-03-10 15:20:59,2017-03-10 15:20:59,2017-03-10 15:20:59,20819.95,20800,20800,20800,21200,20400,201.1,217.0,68.8,71.45,197.0,233.8,69.7,84.25,SqOFF,0.9999999999999858,15.0,25.0,374.99999999999466,1055954.5,0.03552550992132707,1.0559545000000001,1.1115340000000002,-5.000251904125299
47,2017-03-14,2017-03-16,2017-03-14 10:30:59,2017-03-14 10:30:59,2017-03-14 10:30:59,2017-03-14 10:30:59,2017-03-14 15:20:59,2017-03-14 15:20:59,2017-03-14 15:20:59,2017-03-14 15:20:59,21183.55,21200,21200,21200,21600,20800,90.7,153.0,9.65,27.0,65.4,160.0,4.0,22.35,SqOFF,7.999999999999998,15.0,28.0,3359.999999999999,1059314.5,0.3181955283111156,1.0593145000000002,1.1115340000000002,-4.6979669537773985
48,2017-03-15,2017-03-16,2017-03-15 10:30:59,2017-03-15 10:30:59,2017-03-15 10:30:59,2017-03-15 10:30:59,2017-03-15 15:20:59,2017-03-15 15:20:59,2017-03-15 15:20:59,2017-03-15 15:20:59,21255.9,21300,21300,21300,21700,20900,47.1,143.45,1.55,14.6,39.15,150.1,0.95,16.55,SqOFF,2.649999999999998,15.0,28.0,1112.999999999999,1060427.5,0.10506794724324071,1.0604275,1.1115340000000002,-4.5978350639746655
49,2017-03-16,2017-03-16,2017-03-16 10:30:59,2017-03-16 10:30:59,2017-03-16 10:30:59,2017-03-16 10:30:59,2017-03-16 15:21:59,2017-03-16 15:20:59,2017-03-16 15:21:59,2017-03-16 15:20:59,21291.05,21300,21300,21300,21700,20900,26.8,75.8,0.1,0.95,0.05,47.5,0.05,0.05,SqOFF,54.1,15.0,29.0,23533.5,1083961.0,2.2192464831400542,1.083961,1.1115340000000002,-2.4806258737924605
50,2017-03-17,2017-03-23,2017-03-17 10:30:59,2017-03-17 10:30:59,2017-03-17 10:30:59,2017-03-17 10:30:59,2017-03-17 15:20:59,2017-03-17 15:20:59,2017-03-17 15:20:59,2017-03-17 15:20:59,21231.55,21200,21200,21200,21600,20800,129.25,124.7,17.9,19.5,121.9,123.55,13.2,19.75,SqOFF,4.050000000000001,15.0,28.0,1701.0000000000002,1085662.0,0.1569244649945893,1.085662,1.1115340000000002,-2.3275941176788417
51,2017-03-20,2017-03-23,2017-03-20 10:30:59,2017-03-20 10:30:59,2017-03-20 10:30:59,2017-03-20 10:30:59,2017-03-20 15:20:59,2017-03-20 15:20:59,2017-03-20 15:20:59,2017-03-20 15:20:59,21155.05,21200,21200,21200,21600,20800,70.45,144.95,4.8,19.1,71.0,119.8,4.3,11.7,SqOFF,16.699999999999992,15.0,29.0,7264.499999999996,1092926.5,0.6691309081463657,1.0929265,1.1115340000000002,-1.6740378611900606
52,2017-03-21,2017-03-23,2017-03-21 10:30:59,2017-03-21 10:30:59,2017-03-21 10:30:59,2017-03-21 10:30:59,2017-03-21 15:20:59,2017-03-21 15:20:59,2017-03-21 15:20:59,2017-03-21 15:20:59,21146.1,21100,21100,21100,21500,20700,88.95,75.7,4.9,4.75,61.05,95.05,3.9,6.4,SqOFF,9.200000000000012,15.0,30.0,4140.0000000000055,1097066.5,0.37879948926117224,1.0970664999999997,1.1115340000000002,-1.3015796187971325
53,2017-03-22,2017-03-23,2017-03-22 10:30:59,2017-03-22 10:30:59,2017-03-22 10:30:59,2017-03-22 10:30:59,2017-03-22 15:20:59,2017-03-22 15:20:59,2017-03-22 15:20:59,2017-03-22 15:20:59,20921.15,20900,20900,20900,21300,20500,60.6,78.55,1.85,3.8,23.0,121.65,1.0,4.4,SqOFF,-5.750000000000006,15.0,31.0,-2673.750000000003,1094392.75,-0.2437181337685549,1.0943927499999997,1.1115340000000002,-1.5421255670092455
54,2017-03-23,2017-03-23,2017-03-23 10:30:59,2017-03-23 10:30:59,2017-03-23 10:30:59,2017-03-23 10:30:59,2017-03-23 15:08:59,2017-03-23 15:08:59,2017-03-23 15:08:59,2017-03-23 15:08:59,20842.0,20800,20800,20800,21200,20400,39.55,35.85,0.15,0.25,103.85,0.2,0.05,0.05,SL,-28.95,15.0,31.0,-13461.749999999998,1080931.0,-1.2300657145252467,1.0809309999999999,1.1115340000000002,-2.7532221236597687
55,2017-03-24,2017-03-30,2017-03-24 10:30:59,2017-03-24 10:30:59,2017-03-24 10:30:59,2017-03-24 10:30:59,2017-03-24 15:20:59,2017-03-24 15:20:59,2017-03-24 15:20:59,2017-03-24 15:20:59,21161.05,21200,21200,21200,21600,20800,114.1,151.35,15.35,31.15,104.95,163.9,12.25,32.3,SqOFF,-5.350000000000021,15.0,28.0,-2247.0000000000086,1078684.0,-0.2078763584354606,1.0786839999999998,1.1115340000000002,-2.955375184204935
56,2017-03-27,2017-03-30,2017-03-27 10:30:59,2017-03-27 10:30:59,2017-03-27 10:30:59,2017-03-27 10:30:59,2017-03-27 15:20:59,2017-03-27 15:20:59,2017-03-27 15:20:59,2017-03-27 15:20:59,21086.8,21100,21100,21100,21500,20700,115.0,128.25,11.5,19.95,111.55,121.85,12.45,17.05,SqOFF,7.900000000000009,15.0,28.0,3318.000000000004,1082002.0,0.30759703490549634,1.082002,1.1115340000000002,-2.656868795736372
57,2017-03-28,2017-03-30,2017-03-28 10:30:59,2017-03-28 10:30:59,2017-03-28 10:30:59,2017-03-28 10:30:59,2017-03-28 15:20:59,2017-03-28 15:20:59,2017-03-28 15:20:59,2017-03-28 15:20:59,21215.0,21200,21200,21200,21600,20800,102.3,91.9,6.4,10.75,108.0,74.8,4.65,8.85,SqOFF,7.750000000000005,15.0,29.0,3371.2500000000023,1085373.25,0.31157520965765334,1.08537325,1.1115340000000002,-2.3535717305993593
58,2017-03-29,2017-03-30,2017-03-29 10:30:59,2017-03-29 10:30:59,2017-03-29 10:30:59,2017-03-29 10:30:59,2017-03-29 15:20:59,2017-03-29 15:20:59,2017-03-29 15:20:59,2017-03-29 15:20:59,21301.0,21300,21300,21300,21700,20900,72.9,78.75,1.9,6.55,128.45,30.8,4.25,2.95,SqOFF,-8.84999999999998,15.0,30.0,-3982.4999999999914,1081390.75,-0.3669244658461954,1.08139075,1.1115340000000002,-2.7118603659447467
59,2017-03-30,2017-03-30,2017-03-30 10:30:59,2017-03-30 10:30:59,2017-03-30 10:31:59,2017-03-30 10:30:59,2017-03-30 15:04:59,2017-03-30 15:04:59,2017-03-30 15:04:59,2017-03-30 15:04:59,21472.8,21500,21500,21500,21900,21100,31.25,57.4,0.25,0.8,115.25,2.0,0.55,0.05,SL,-29.05,15.0,30.0,-13072.5,1068318.25,-1.2088599796142143,1.06831825,1.1115340000000002,-3.887937750892039
60,2017-03-31,2017-04-06,2017-03-31 10:30:59,2017-03-31 10:30:59,2017-03-31 10:30:59,2017-03-31 10:30:59,2017-03-31 15:20:59,2017-03-31 15:20:59,2017-03-31 15:20:59,2017-03-31 15:20:59,21546.6,21500,21500,21500,21900,21100,149.8,134.7,27.0,30.15,124.65,160.15,24.1,34.45,SqOFF,1.0999999999999943,15.0,27.0,445.4999999999977,1068763.75,0.041701056777790485,1.0687637499999998,1.1115340000000002,-3.8478580052432445
61,2017-04-03,2017-04-06,2017-04-03 10:30:59,2017-04-03 10:30:59,2017-04-03 10:30:59,2017-04-03 10:30:59,2017-04-03 15:20:59,2017-04-03 15:20:59,2017-04-03 15:20:59,2017-04-03 15:20:59,21487.9,21500,21500,21500,21900,21100,101.8,144.45,10.75,25.55,126.15,81.0,10.25,7.6,SqOFF,20.649999999999977,15.0,28.0,8672.99999999999,1077436.75,0.8114983316004113,1.0774367499999997,1.1115340000000002,-3.06758497715774
62,2017-04-05,2017-04-06,2017-04-05 10:30:59,2017-04-05 10:30:59,2017-04-05 10:30:59,2017-04-05 10:30:59,2017-04-05 15:20:59,2017-04-05 15:20:59,2017-04-05 15:20:59,2017-04-05 15:20:59,21584.0,21600,21600,21600,22000,21200,60.1,108.6,2.0,8.95,99.95,50.6,3.4,2.2,SqOFF,12.79999999999999,15.0,29.0,5567.999999999995,1083004.75,0.5167820756067579,1.0830047499999995,1.1115340000000002,-2.566655630866957
63,2017-04-06,2017-04-06,2017-04-06 10:30:59,2017-04-06 10:30:59,2017-04-06 10:30:59,2017-04-06 10:30:59,2017-04-06 15:03:59,2017-04-06 15:03:59,2017-04-06 15:03:59,2017-04-06 15:03:59,21615.7,21600,21600,21600,22000,21200,62.6,66.3,0.95,1.8,14.5,6.9,0.1,0.1,TP,104.95,15.0,29.0,45653.25,1128658.0,4.215424724591466,1.1286579999999995,1.1286579999999995,0.0
64,2017-04-07,2017-04-13,2017-04-07 10:30:59,2017-04-07 10:30:59,2017-04-07 10:30:59,2017-04-07 10:30:59,2017-04-07 15:20:59,2017-04-07 15:20:59,2017-04-07 15:20:59,2017-04-07 15:20:59,21605.05,21600,21600,21600,22000,21200,108.3,129.1,11.3,22.2,50.0,223.85,4.3,50.35,SqOFF,-15.3,15.0,29.0,-6655.500000000001,1122002.5,-0.5896826142197195,1.1220024999999996,1.1286579999999995,-0.589682614219713
65,2017-04-10,2017-04-13,2017-04-10 10:30:59,2017-04-10 10:30:59,2017-04-10 10:30:59,2017-04-10 10:30:59,2017-04-10 15:20:59,2017-04-10 15:20:59,2017-04-10 15:20:59,2017-04-10 15:20:59,21453.0,21500,21500,21500,21900,21100,70.15,139.5,4.7,20.25,108.6,77.55,6.95,11.45,SqOFF,16.950000000000014,15.0,30.0,7627.500000000006,1129630.0,0.6798113194934954,1.1296299999999997,1.1296299999999997,0.0
66,2017-04-11,2017-04-13,2017-04-11 10:30:59,2017-04-11 10:30:59,2017-04-11 10:30:59,2017-04-11 10:30:59,2017-04-11 15:20:59,2017-04-11 15:20:59,2017-04-11 15:20:59,2017-04-11 15:20:59,21639.05,21600,21600,21600,22000,21200,96.3,84.25,4.4,10.5,165.65,32.8,9.1,4.3,SqOFF,-19.400000000000006,15.0,30.0,-8730.000000000004,1120900.0,-0.772819418747732,1.1208999999999998,1.1296299999999997,-0.7728194187477233
67,2017-04-12,2017-04-13,2017-04-12 10:30:59,2017-04-12 10:30:59,2017-04-12 10:30:59,2017-04-12 10:30:59,2017-04-12 12:55:59,2017-04-12 12:55:59,2017-04-12 12:55:59,2017-04-12 12:55:59,21629.05,21600,21600,21600,22000,21200,77.2,79.85,3.0,7.65,182.85,21.45,9.6,2.25,SL,-46.05,15.0,30.0,-20722.5,1100177.5,-1.8487376215541085,1.1001774999999998,1.1296299999999997,-2.607269636960765
68,2017-04-13,2017-04-13,2017-04-13 10:30:59,2017-04-13 10:30:59,2017-04-13 10:30:59,2017-04-13 10:30:59,2017-04-13 15:21:59,2017-04-13 15:20:59,2017-04-13 15:07:59,2017-04-13 15:20:59,21765.0,21800,21800,21800,22200,21400,20.5,89.8,0.2,1.35,0.05,118.05,0.05,0.05,SqOFF,-9.250000000000002,15.0,30.0,-4162.500000000001,1096015.0,-0.3783480392936595,1.0960149999999997,1.1296299999999997,-2.9757531227038907
69,2017-04-17,2017-04-20,2017-04-17 10:30:59,2017-04-17 10:30:59,2017-04-17 10:30:59,2017-04-17 10:30:59,2017-04-17 15:20:59,2017-04-17 15:20:59,2017-04-17 15:20:59,2017-04-17 15:20:59,21665.0,21700,21700,21700,22100,21300,80.0,147.55,5.15,27.95,87.0,118.0,4.85,17.35,SqOFF,11.650000000000013,15.0,28.0,4893.0000000000055,1100908.0,0.4464354958645644,1.1009079999999998,1.1296299999999997,-2.542602445048372
70,2017-04-18,2017-04-20,2017-04-18 10:30:59,2017-04-18 10:30:59,2017-04-18 10:30:59,2017-04-18 10:30:59,2017-04-18 14:45:59,2017-04-18 14:45:59,2017-04-18 14:45:59,2017-04-18 14:45:59,21929.25,21900,21900,21900,22300,21500,95.5,100.25,6.6,14.1,24.05,232.4,1.35,39.3,SL,-40.75000000000001,15.0,29.0,-17726.250000000004,1083181.75,-1.6101481686026449,1.0831817499999998,1.1296299999999997,-4.111810946947219
71,2017-04-19,2017-04-20,2017-04-19 10:30:59,2017-04-19 10:30:59,2017-04-19 10:30:59,2017-04-19 10:30:59,2017-04-19 15:20:59,2017-04-19 15:20:59,2017-04-19 15:20:59,2017-04-19 15:20:59,21619.95,21600,21600,21600,22000,21200,89.35,93.35,5.75,10.45,64.2,74.5,2.25,2.9,SqOFF,32.94999999999999,15.0,29.0,14333.249999999996,1097515.0,1.3232543845942748,1.097515,1.1296299999999997,-2.842966280994634
72,2017-04-20,2017-04-20,2017-04-20 10:30:59,2017-04-20 10:30:59,2017-04-20 10:31:59,2017-04-20 10:30:59,2017-04-20 15:09:59,2017-04-20 15:09:59,2017-04-20 15:09:59,2017-04-20 15:10:59,21526.7,21500,21500,21500,21900,21100,40.05,44.75,0.35,0.4,1.7,14.65,0.05,0.1,TP,67.85,15.0,30.0,30532.499999999996,1128047.5,2.7819665334870134,1.1280475,1.1296299999999997,-0.14009011800320445
73,2017-04-21,2017-04-27,2017-04-21 10:30:59,2017-04-21 10:30:59,2017-04-21 10:30:59,2017-04-21 10:30:59,2017-04-21 15:20:59,2017-04-21 15:20:59,2017-04-21 15:20:59,2017-04-21 15:20:59,21554.1,21600,21600,21600,22000,21200,124.0,166.1,18.45,40.9,116.05,167.25,16.1,38.55,SqOFF,2.099999999999998,15.0,28.0,881.9999999999991,1128929.5,0.07818819686227745,1.1289295000000001,1.1296299999999997,-0.06201145507817151
74,2017-04-24,2017-04-27,2017-04-24 10:30:59,2017-04-24 10:30:59,2017-04-24 10:30:59,2017-04-24 10:30:59,2017-04-24 15:20:59,2017-04-24 15:20:59,2017-04-24 15:20:59,2017-04-24 15:20:59,21668.85,21700,21700,21700,22100,21300,103.25,135.05,8.95,28.15,187.9,75.6,22.5,16.35,SqOFF,-23.449999999999985,15.0,29.0,-10200.749999999995,1118728.75,-0.9035772384369435,1.11872875,1.1296299999999997,-0.9650283721218136
75,2017-04-25,2017-04-27,2017-04-25 10:30:59,2017-04-25 10:30:59,2017-04-25 10:30:59,2017-04-25 10:30:59,2017-04-25 15:20:59,2017-04-25 15:20:59,2017-04-25 15:20:59,2017-04-25 15:20:59,21898.0,21900,21900,21900,22300,21500,98.95,102.25,6.7,15.7,144.35,46.6,10.15,9.8,SqOFF,7.800000000000008,15.0,29.0,3393.000000000003,1122121.75,0.30329067702961987,1.12212175,1.1296299999999997,-0.6646645361755321
76,2017-04-26,2017-04-27,2017-04-26 10:30:59,2017-04-26 10:30:59,2017-04-26 10:30:59,2017-04-26 10:30:59,2017-04-26 15:20:59,2017-04-26 15:20:59,2017-04-26 15:20:59,2017-04-26 15:20:59,22183.95,22200,22200,22200,22600,21800,85.1,101.85,5.6,13.25,92.6,63.0,4.4,9.9,SqOFF,26.799999999999997,15.0,29.0,11657.999999999998,1133779.75,1.038924697787918,1.1337797500000002,1.1337797500000002,0.0
77,2017-04-27,2017-04-27,2017-04-27 10:30:59,2017-04-27 10:30:59,2017-04-27 10:30:59,2017-04-27 10:30:59,2017-04-27 11:00:59,2017-04-27 11:00:59,2017-04-27 11:00:59,2017-04-27 11:00:59,22204.65,22200,22200,22200,22600,21800,47.7,46.9,0.4,1.2,105.0,20.95,1.25,0.7,SL,-30.999999999999996,15.0,30.0,-13949.999999999998,1119829.75,-1.2303977029048188,1.1198297500000003,1.1337797500000002,-1.2303977029048108
78,2017-04-28,2017-05-04,2017-04-28 10:30:59,2017-04-28 10:30:59,2017-04-28 10:30:59,2017-04-28 10:30:59,2017-04-28 15:20:59,2017-04-28 15:20:59,2017-04-28 15:20:59,2017-04-28 15:20:59,22251.55,22300,22300,22300,22700,21900,87.05,175.95,9.45,38.95,112.95,99.5,10.35,14.9,SqOFF,27.399999999999977,15.0,28.0,11507.99999999999,1131337.75,1.027656212919865,1.1313377500000004,1.1337797500000002,-0.21538574842246325
79,2017-05-02,2017-05-04,2017-05-02 10:30:59,2017-05-02 10:30:59,2017-05-02 10:30:59,2017-05-02 10:30:59,2017-05-02 15:20:59,2017-05-02 15:20:59,2017-05-02 15:20:59,2017-05-02 15:20:59,22443.0,22400,22400,22400,22800,22000,105.0,100.05,7.6,15.8,76.8,121.55,4.85,17.75,SqOFF,5.900000000000002,15.0,29.0,2566.500000000001,1133904.25,0.2268553312218213,1.1339042500000003,1.1339042500000003,0.0
80,2017-05-03,2017-05-04,2017-05-03 10:30:59,2017-05-03 10:30:59,2017-05-03 10:30:59,2017-05-03 10:30:59,2017-05-03 15:20:59,2017-05-03 15:20:59,2017-05-03 15:20:59,2017-05-03 15:20:59,22340.0,22300,22300,22300,22700,21900,93.65,93.7,6.35,9.0,78.45,68.3,2.75,3.85,SqOFF,31.85000000000001,15.0,29.0,13854.750000000004,1147759.0,1.2218624279783767,1.1477590000000002,1.1477590000000002,0.0
81,2017-05-04,2017-05-04,2017-05-04 10:30:59,2017-05-04 10:30:59,2017-05-04 11:25:59,2017-05-04 10:30:59,2017-05-04 14:30:59,2017-05-04 14:30:59,2017-05-04 14:30:59,2017-05-04 14:30:59,22554.95,22600,22600,22600,23100,22100,17.45,73.8,0.05,0.4,124.55,0.95,0.1,0.05,SL,-34.550000000000004,15.0,30.0,-15547.500000000004,1132211.5,-1.3545962174986215,1.1322115000000001,1.1477590000000002,-1.354596217498625
82,2017-05-05,2017-05-11,2017-05-05 10:30:59,2017-05-05 10:30:59,2017-05-05 10:30:59,2017-05-05 10:30:59,2017-05-05 15:20:59,2017-05-05 15:20:59,2017-05-05 15:20:59,2017-05-05 15:20:59,22742.85,22700,22700,22700,23200,22200,156.0,151.6,18.6,25.6,105.05,181.65,10.8,30.0,SqOFF,17.49999999999999,15.0,27.0,7087.499999999995,1139299.0,0.6259872824114572,1.139299,1.1477590000000002,-0.7370885351367432
83,2017-05-08,2017-05-11,2017-05-08 10:30:59,2017-05-08 10:30:59,2017-05-08 10:30:59,2017-05-08 10:30:59,2017-05-08 15:20:59,2017-05-08 15:20:59,2017-05-08 15:20:59,2017-05-08 15:20:59,22768.0,22800,22800,22800,23300,22300,97.5,159.25,5.35,19.35,90.5,140.0,3.5,18.5,SqOFF,23.549999999999997,15.0,28.0,9890.999999999998,1149190.0,0.8681654245285916,1.14919,1.14919,0.0
84,2017-05-09,2017-05-11,2017-05-09 10:30:59,2017-05-09 10:30:59,2017-05-09 10:30:59,2017-05-09 10:30:59,2017-05-09 15:20:59,2017-05-09 15:20:59,2017-05-09 15:20:59,2017-05-09 15:20:59,22736.1,22700,22700,22700,23200,22200,106.2,107.9,4.85,10.05,114.05,84.4,4.2,5.45,SqOFF,10.400000000000006,15.0,29.0,4524.000000000002,1153714.0,0.39366858395913656,1.153714,1.153714,0.0
85,2017-05-10,2017-05-11,2017-05-10 10:30:59,2017-05-10 10:30:59,2017-05-10 10:30:59,2017-05-10 10:30:59,2017-05-10 15:20:59,2017-05-10 15:20:59,2017-05-10 15:20:59,2017-05-10 15:20:59,22843.5,22800,22800,22800,23300,22300,92.1,73.4,1.35,3.75,85.35,49.35,0.7,1.4,SqOFF,27.800000000000004,15.0,29.0,12093.000000000002,1165807.0,1.0481800515552384,1.165807,1.165807,0.0
86,2017-05-11,2017-05-11,2017-05-11 10:30:59,2017-05-11 10:30:59,2017-05-11 10:31:59,2017-05-11 10:30:59,2017-05-11 15:20:59,2017-05-11 15:20:59,2017-05-11 14:54:59,2017-05-11 15:20:59,22918.95,22900,22900,22900,23400,22400,42.1,36.1,0.05,0.2,0.05,60.85,0.05,0.05,SqOFF,17.150000000000006,15.0,30.0,7717.500000000004,1173524.5,0.6619877904318642,1.1735245,1.1735245,0.0
87,2017-05-12,2017-05-18,2017-05-12 10:30:59,2017-05-12 10:30:59,2017-05-12 10:30:59,2017-05-12 10:30:59,2017-05-12 15:20:59,2017-05-12 15:20:59,2017-05-12 15:20:59,2017-05-12 15:20:59,22777.0,22800,22800,22800,23300,22300,102.35,148.05,6.6,21.0,66.15,189.95,2.95,23.45,SqOFF,-6.899999999999988,15.0,29.0,-3001.499999999995,1170523.0,-0.25576798780085075,1.1705230000000002,1.1735245,-0.25576798780084087
88,2017-05-15,2017-05-18,2017-05-15 10:30:59,2017-05-15 10:30:59,2017-05-15 10:30:59,2017-05-15 10:30:59,2017-05-15 15:20:59,2017-05-15 15:20:59,2017-05-15 15:20:59,2017-05-15 15:20:59,22833.3,22800,22800,22800,23300,22300,106.0,95.9,3.05,7.4,106.9,92.5,3.15,7.8,SqOFF,2.9999999999999996,15.0,29.0,1304.9999999999998,1171828.0,0.11148862517011623,1.1718280000000003,1.1735245,-0.14456451484393956
89,2017-05-16,2017-05-18,2017-05-16 10:30:59,2017-05-16 10:30:59,2017-05-16 10:30:59,2017-05-16 10:30:59,2017-05-16 15:20:59,2017-05-16 15:20:59,2017-05-16 15:20:59,2017-05-16 15:20:59,22789.4,22800,22800,22800,23300,22300,85.25,103.4,1.9,7.0,156.6,39.2,4.15,2.8,SqOFF,-9.09999999999999,15.0,30.0,-4094.999999999996,1167733.0,-0.34945401543571203,1.1677330000000004,1.1735245,-0.4935133437776311
90,2017-05-17,2017-05-18,2017-05-17 10:30:59,2017-05-17 10:30:59,2017-05-17 10:30:59,2017-05-17 10:30:59,2017-05-17 15:20:59,2017-05-17 15:20:59,2017-05-17 15:20:59,2017-05-17 15:21:59,22924.05,22900,22900,22900,23400,22400,80.8,71.0,1.1,3.5,79.0,51.65,0.8,1.7,SqOFF,19.049999999999997,15.0,30.0,8572.499999999998,1176305.5,0.7341147334193688,1.1763055000000004,1.1763055000000004,0.0
91,2017-05-18,2017-05-18,2017-05-18 10:30:59,2017-05-18 10:30:59,2017-05-18 10:30:59,2017-05-18 10:30:59,2017-05-18 15:20:59,2017-05-18 15:20:59,2017-05-18 14:45:59,2017-05-18 15:15:59,22755.0,22800,22800,22800,23300,22300,20.45,67.6,0.05,0.35,0.05,85.05,0.05,0.05,SqOFF,2.649999999999996,15.0,31.0,1232.2499999999982,1177537.75,0.10475594987866656,1.1775377500000004,1.1775377500000004,0.0
92,2017-05-19,2017-05-25,2017-05-19 10:30:59,2017-05-19 10:30:59,2017-05-19 10:30:59,2017-05-19 10:30:59,2017-05-19 12:07:59,2017-05-19 12:07:59,2017-05-19 12:07:59,2017-05-19 12:07:59,22880.7,22900,22900,22900,23400,22400,118.35,138.5,7.4,21.95,57.3,292.0,3.95,70.7,SL,-47.150000000000006,15.0,29.0,-20510.250000000004,1157027.5,-1.7417912928906105,1.1570275000000003,1.1775377500000004,-1.741791292890615
93,2017-05-22,2017-05-25,2017-05-22 10:30:59,2017-05-22 10:30:59,2017-05-22 10:30:59,2017-05-22 10:30:59,2017-05-22 15:20:59,2017-05-22 15:20:59,2017-05-22 15:20:59,2017-05-22 15:20:59,22786.65,22800,22800,22800,23300,22300,110.0,125.75,5.5,16.85,62.5,180.0,3.7,22.9,SqOFF,-2.5000000000000036,15.0,29.0,-1087.5000000000016,1155940.0,-0.09399085155711524,1.1559400000000004,1.1775377500000004,-1.8341450199791867
94,2017-05-23,2017-05-25,2017-05-23 10:30:59,2017-05-23 10:30:59,2017-05-23 10:30:59,2017-05-23 10:30:59,2017-05-23 15:20:59,2017-05-23 15:20:59,2017-05-23 15:20:59,2017-05-23 15:20:59,22549.3,22500,22500,22500,23000,22000,129.45,91.0,9.05,9.35,165.3,87.0,11.65,12.65,SqOFF,-25.95000000000002,15.0,29.0,-11288.25000000001,1144651.75,-0.9765429001505276,1.1446517500000004,1.1775377500000004,-2.792776707158642
95,2017-05-24,2017-05-25,2017-05-24 10:30:59,2017-05-24 10:30:59,2017-05-24 10:30:59,2017-05-24 10:30:59,2017-05-24 15:20:59,2017-05-24 15:20:59,2017-05-24 15:20:59,2017-05-24 15:20:59,22605.55,22600,22600,22600,23100,22100,87.0,87.05,2.75,6.2,35.35,106.15,1.35,6.5,SqOFF,31.449999999999992,15.0,29.0,13680.749999999996,1158332.5,1.1951888423706158,1.1583325000000004,1.1775377500000004,-1.6309668203843102
96,2017-05-25,2017-05-25,2017-05-25 10:30:59,2017-05-25 10:30:59,2017-05-25 10:31:59,2017-05-25 10:30:59,2017-05-25 13:10:59,2017-05-25 13:10:59,2017-05-25 13:10:59,2017-05-25 13:10:59,22695.0,22700,22700,22700,23200,22200,37.8,51.55,0.2,0.8,104.0,13.55,0.35,0.5,SL,-28.350000000000005,15.0,30.0,-12757.500000000002,1145575.0,-1.1013676988256826,1.1455750000000005,1.1775377500000004,-2.7143715774717134
97,2017-05-26,2017-06-01,2017-05-26 10:30:59,2017-05-26 10:30:59,2017-05-26 10:30:59,2017-05-26 10:30:59,2017-05-26 15:20:59,2017-05-26 15:20:59,2017-05-26 15:20:59,2017-05-26 15:20:59,23114.2,23100,23100,23100,23600,22600,163.0,166.9,24.05,34.0,235.0,90.1,27.85,17.7,SqOFF,-7.699999999999989,15.0,27.0,-3118.4999999999955,1142456.5,-0.27222137354603543,1.1424565000000004,1.1775377500000004,-2.9792038514264143
98,2017-05-29,2017-06-01,2017-05-29 10:30:59,2017-05-29 10:30:59,2017-05-29 10:30:59,2017-05-29 10:30:59,2017-05-29 15:20:59,2017-05-29 15:20:59,2017-05-29 15:20:59,2017-05-29 15:20:59,23160.0,23200,23200,23200,23700,22700,126.0,169.2,14.55,30.15,114.0,145.55,9.75,19.0,SqOFF,19.699999999999978,15.0,27.0,7978.499999999991,1150435.0,0.698363570079035,1.1504350000000005,1.1775377500000004,-2.3016459557241227
99,2017-05-30,2017-06-01,2017-05-30 10:30:59,2017-05-30 10:30:59,2017-05-30 10:30:59,2017-05-30 10:30:59,2017-05-30 15:20:59,2017-05-30 15:20:59,2017-05-30 15:20:59,2017-05-30 15:20:59,23196.65,23200,23200,23200,23700,22700,124.9,121.6,9.25,15.85,144.6,88.05,8.75,8.75,SqOFF,6.250000000000009,15.0,28.0,2625.0000000000036,1153060.0,0.2281745600577176,1.1530600000000006,1.1775377500000004,-2.078723166199957
100,2017-05-31,2017-06-01,2017-05-31 10:30:59,2017-05-31 10:30:59,2017-05-31 10:30:59,2017-05-31 10:30:59,2017-05-31 15:20:59,2017-05-31 15:20:59,2017-05-31 15:20:59,2017-05-31 15:20:59,23243.95,23200,23200,23200,23700,22700,138.5,69.9,5.0,5.1,211.95,20.5,5.35,1.95,SqOFF,-26.84999999999998,15.0,28.0,-11276.999999999993,1141783.0,-0.9780063483253251,1.1417830000000007,1.1775377500000004,-3.036399469995736
101,2017-06-01,2017-06-01,2017-06-01 10:30:59,2017-06-01 10:30:59,2017-06-01 10:30:59,2017-06-01 10:30:59,2017-06-01 15:00:59,2017-06-01 15:00:59,2017-06-01 15:00:59,2017-06-01 15:01:59,23295.05,23300,23300,23300,23800,22800,80.0,33.4,0.25,0.85,13.1,7.15,0.05,0.05,TP,92.15,15.0,29.0,40085.25000000001,1181868.25,3.510759049661802,1.1818682500000006,1.1818682500000006,0.0
102,2017-06-02,2017-06-08,2017-06-02 10:30:59,2017-06-02 10:30:59,2017-06-02 10:30:59,2017-06-02 10:30:59,2017-06-02 15:20:59,2017-06-02 15:20:59,2017-06-02 15:20:59,2017-06-02 15:20:59,23318.8,23300,23300,23300,23800,22800,175.35,118.0,21.5,13.3,174.95,98.65,17.85,9.9,SqOFF,12.700000000000001,15.0,28.0,5334.0,1187202.25,0.4513193412209864,1.1872022500000006,1.1872022500000006,0.0
103,2017-06-05,2017-06-08,2017-06-05 10:30:59,2017-06-05 10:30:59,2017-06-05 10:30:59,2017-06-05 10:30:59,2017-06-05 15:20:59,2017-06-05 15:20:59,2017-06-05 15:20:59,2017-06-05 15:20:59,23381.05,23400,23400,23400,23900,22900,128.55,122.3,8.05,12.4,148.5,91.85,7.9,9.4,SqOFF,7.350000000000014,15.0,29.0,3197.250000000006,1190399.5,0.26930963110961137,1.1903995000000005,1.1903995000000005,0.0
104,2017-06-06,2017-06-08,2017-06-06 10:30:59,2017-06-06 10:30:59,2017-06-06 10:30:59,2017-06-06 10:30:59,2017-06-06 15:20:59,2017-06-06 15:20:59,2017-06-06 15:20:59,2017-06-06 15:20:59,23419.9,23400,23400,23400,23900,22900,145.15,95.8,8.0,10.35,140.9,90.0,7.0,9.85,SqOFF,8.549999999999997,15.0,29.0,3719.249999999999,1194118.75,0.3124371271997341,1.1941187500000003,1.1941187500000003,0.0
105,2017-06-07,2017-06-08,2017-06-07 10:30:59,2017-06-07 10:30:59,2017-06-07 10:30:59,2017-06-07 10:30:59,2017-06-07 15:20:59,2017-06-07 15:20:59,2017-06-07 15:20:59,2017-06-07 15:20:59,23490.0,23500,23500,23500,24000,23000,108.55,107.9,5.45,10.85,141.75,35.3,1.9,1.6,SqOFF,26.60000000000001,15.0,29.0,11571.000000000004,1205689.75,0.9689991049885117,1.2056897500000003,1.2056897500000003,0.0
106,2017-06-08,2017-06-08,2017-06-08 10:30:59,2017-06-08 10:30:59,2017-06-08 10:35:59,2017-06-08 10:30:59,2017-06-08 15:20:59,2017-06-08 15:20:59,2017-06-08 15:17:59,2017-06-08 15:21:59,23599.75,23600,23600,23600,24100,23100,48.4,40.3,0.1,0.75,0.05,52.1,0.05,0.05,SqOFF,35.8,15.0,30.0,16110.0,1221799.75,1.3361646310752828,1.2217997500000004,1.2217997500000004,0.0
107,2017-06-09,2017-06-15,2017-06-09 10:30:59,2017-06-09 10:30:59,2017-06-09 10:30:59,2017-06-09 10:30:59,2017-06-09 15:20:59,2017-06-09 15:20:59,2017-06-09 15:20:59,2017-06-09 15:20:59,23515.1,23500,23500,23500,24000,23000,144.4,120.85,11.0,15.0,204.55,63.4,16.9,7.15,SqOFF,-4.650000000000011,15.0,29.0,-2022.7500000000045,1219777.0,-0.1655549528472243,1.2197770000000003,1.2217997500000004,-0.16555495284722987
108,2017-06-12,2017-06-15,2017-06-12 10:30:59,2017-06-12 10:30:59,2017-06-12 10:30:59,2017-06-12 10:30:59,2017-06-12 15:20:59,2017-06-12 15:20:59,2017-06-12 15:20:59,2017-06-12 15:20:59,23540.0,23500,23500,23500,24000,23000,153.85,84.8,9.25,9.5,107.4,114.0,6.15,11.0,SqOFF,15.649999999999986,15.0,29.0,6807.7499999999945,1226584.75,0.5581143110584963,1.2265847500000004,1.2265847500000004,0.0
109,2017-06-13,2017-06-15,2017-06-13 10:30:59,2017-06-13 10:30:59,2017-06-13 10:30:59,2017-06-13 10:30:59,2017-06-13 15:20:59,2017-06-13 15:20:59,2017-06-13 15:20:59,2017-06-13 15:20:59,23521.0,23500,23500,23500,24000,23000,128.85,74.95,6.25,5.75,93.9,98.4,3.9,6.9,SqOFF,10.299999999999986,15.0,30.0,4634.999999999994,1231219.75,0.3778784955544241,1.2312197500000004,1.2312197500000004,0.0
110,2017-06-14,2017-06-15,2017-06-14 10:30:59,2017-06-14 10:30:59,2017-06-14 10:30:59,2017-06-14 10:30:59,2017-06-14 15:20:59,2017-06-14 15:20:59,2017-06-14 15:20:59,2017-06-14 15:20:59,23399.45,23400,23400,23400,23900,22900,118.65,80.55,4.35,4.6,148.85,40.85,3.15,1.4,SqOFF,5.1000000000000085,15.0,30.0,2295.0000000000036,1233514.75,0.1864005186726418,1.2335147500000005,1.2335147500000005,0.0
111,2017-06-15,2017-06-15,2017-06-15 10:30:59,2017-06-15 10:30:59,2017-06-15 10:30:59,2017-06-15 10:30:59,2017-06-15 15:03:59,2017-06-15 15:03:59,2017-06-15 15:03:59,2017-06-15 15:03:59,23414.95,23400,23400,23400,23900,22900,51.15,33.35,0.15,0.3,5.7,9.05,0.1,0.05,TP,69.45,15.0,31.0,32294.250000000004,1265809.0,2.6180675991105904,1.2658090000000004,1.2658090000000004,0.0
112,2017-06-16,2017-06-22,2017-06-16 10:30:59,2017-06-16 10:30:59,2017-06-16 10:30:59,2017-06-16 10:30:59,2017-06-16 15:20:59,2017-06-16 15:20:59,2017-06-16 15:20:59,2017-06-16 15:20:59,23448.95,23400,23400,23400,23900,22900,151.05,87.9,9.55,9.55,156.3,73.95,8.95,8.45,SqOFF,7.0,15.0,31.0,3255.0,1269064.0,0.2571478003395457,1.2690640000000004,1.2690640000000004,0.0
113,2017-06-19,2017-06-22,2017-06-19 10:30:59,2017-06-19 10:30:59,2017-06-19 10:30:59,2017-06-19 10:30:59,2017-06-19 14:07:59,2017-06-19 14:07:59,2017-06-19 14:07:59,2017-06-19 14:07:59,23541.05,23500,23500,23500,24000,23000,131.0,71.95,4.5,5.45,227.55,39.55,17.7,4.8,SL,-51.6,15.0,31.0,-23994.000000000004,1245070.0,-1.8906847881588325,1.2450700000000003,1.2690640000000004,-1.890684788158837
114,2017-06-20,2017-06-22,2017-06-20 10:30:59,2017-06-20 10:30:59,2017-06-20 10:30:59,2017-06-20 10:30:59,2017-06-20 15:20:59,2017-06-20 15:20:59,2017-06-20 15:20:59,2017-06-20 15:20:59,23722.5,23700,23700,23700,24200,23200,116.5,76.0,5.2,5.55,92.25,73.45,2.95,3.9,SqOFF,22.9,15.0,30.0,10305.0,1255375.0,0.8276643080308738,1.2553750000000004,1.2690640000000004,-1.0786690032969226
115,2017-06-21,2017-06-22,2017-06-21 10:30:59,2017-06-21 10:30:59,2017-06-21 10:30:59,2017-06-21 10:30:59,2017-06-21 15:20:59,2017-06-21 15:20:59,2017-06-21 15:20:59,2017-06-21 15:20:59,23656.85,23700,23700,23700,24200,23200,55.3,86.5,1.05,2.9,57.25,54.25,0.65,1.35,SqOFF,28.349999999999998,15.0,31.0,13182.749999999998,1268557.75,1.0501045504331374,1.2685577500000003,1.2690640000000004,-0.03989160515152524
116,2017-06-22,2017-06-22,2017-06-22 10:30:59,2017-06-22 10:30:59,2017-06-22 10:30:59,2017-06-22 10:30:59,2017-06-22 10:49:59,2017-06-22 10:49:59,2017-06-22 10:49:59,2017-06-22 10:49:59,23797.0,23800,23800,23800,24300,23300,39.7,32.05,0.15,0.25,87.25,13.15,0.4,0.15,SL,-28.5,15.0,32.0,-13680.0,1254877.75,-1.0783900062886376,1.2548777500000001,1.2690640000000004,-1.1178514243568713
117,2017-06-23,2017-06-29,2017-06-23 10:30:59,2017-06-23 10:30:59,2017-06-23 10:30:59,2017-06-23 10:30:59,2017-06-23 15:20:59,2017-06-23 15:20:59,2017-06-23 15:20:59,2017-06-23 15:20:59,23615.5,23600,23600,23600,24100,23100,141.5,116.0,12.65,18.3,96.2,144.65,9.8,20.65,SqOFF,16.14999999999999,15.0,30.0,7267.499999999996,1262145.25,0.579140079581457,1.26214525,1.2690640000000004,-0.5451852704040383
118,2017-06-27,2017-06-29,2017-06-27 10:30:59,2017-06-27 10:30:59,2017-06-27 10:30:59,2017-06-27 10:30:59,2017-06-27 13:54:59,2017-06-27 13:54:59,2017-06-27 13:54:59,2017-06-27 13:54:59,23369.35,23400,23400,23400,23900,22900,105.75,136.95,9.5,22.1,29.2,307.5,4.7,55.25,SL,-65.65,15.0,30.0,-29542.500000000004,1232602.75,-2.340657701639332,1.23260275,1.2690640000000004,-2.8730820510234567
119,2017-06-28,2017-06-29,2017-06-28 10:30:59,2017-06-28 10:30:59,2017-06-28 10:30:59,2017-06-28 10:30:59,2017-06-28 15:20:59,2017-06-28 15:20:59,2017-06-28 15:20:59,2017-06-28 15:20:59,23208.0,23200,23200,23200,23700,22700,105.0,102.25,6.85,13.0,115.75,56.25,5.05,4.8,SqOFF,25.250000000000004,15.0,30.0,11362.500000000002,1243965.25,0.9218298433943947,1.24396525,1.2690640000000004,-1.977737135400609
120,2017-06-29,2017-06-29,2017-06-29 10:30:59,2017-06-29 10:30:59,2017-06-29 10:30:59,2017-06-29 10:30:59,2017-06-29 12:56:59,2017-06-29 12:56:59,2017-06-29 12:56:59,2017-06-29 12:56:59,23385.45,23400,23400,23400,23900,22900,54.85,65.8,1.05,1.8,17.5,143.35,0.4,5.15,SL,-37.49999999999999,15.0,31.0,-17437.499999999996,1226527.75,-1.4017674529091546,1.22652775,1.2690640000000004,-3.3517813128416196
121,2017-06-30,2017-07-06,2017-06-30 10:30:59,2017-06-30 10:30:59,2017-06-30 10:30:59,2017-06-30 10:30:59,2017-06-30 15:20:59,2017-06-30 15:20:59,2017-06-30 15:20:59,2017-06-30 15:20:59,23107.0,23100,23100,23100,23600,22600,155.95,151.7,18.8,33.8,194.5,99.95,23.25,19.0,SqOFF,2.8499999999999766,15.0,29.0,1239.7499999999898,1227767.5,0.10107802289838039,1.2277675000000001,1.2690640000000004,-3.254091204226129
122,2017-07-03,2017-07-06,2017-07-03 10:30:59,2017-07-03 10:30:59,2017-07-03 10:30:59,2017-07-03 10:30:59,2017-07-03 15:20:59,2017-07-03 15:20:59,2017-07-03 15:20:59,2017-07-03 15:20:59,23250.0,23200,23200,23200,23700,22700,153.0,108.0,13.1,17.55,169.55,77.5,14.0,10.1,SqOFF,7.399999999999988,15.0,30.0,3329.9999999999945,1231097.5,0.2712239898840778,1.2310975000000002,1.2690640000000004,-2.991693090340615
123,2017-07-04,2017-07-06,2017-07-04 10:30:59,2017-07-04 10:30:59,2017-07-04 10:30:59,2017-07-04 10:30:59,2017-07-04 15:20:59,2017-07-04 15:20:59,2017-07-04 15:20:59,2017-07-04 15:20:59,23292.0,23300,23300,23300,23800,22800,99.65,116.8,4.95,14.2,72.0,124.0,2.6,13.05,SqOFF,16.950000000000003,15.0,30.0,7627.500000000002,1238725.0,0.6195691242976289,1.2387250000000003,1.2690640000000004,-2.390659572724473
124,2017-07-05,2017-07-06,2017-07-05 10:30:59,2017-07-05 10:30:59,2017-07-05 10:30:59,2017-07-05 10:30:59,2017-07-05 15:20:59,2017-07-05 15:20:59,2017-07-05 15:20:59,2017-07-05 15:20:59,23329.0,23300,23300,23300,23800,22800,86.6,76.9,2.1,4.65,125.35,34.2,1.25,1.7,SqOFF,0.15000000000000258,15.0,31.0,69.75000000000121,1238794.75,0.005630789723304301,1.2387947500000003,1.2690640000000004,-2.3851633960147103
125,2017-07-06,2017-07-06,2017-07-06 10:30:59,2017-07-06 10:30:59,2017-07-06 10:30:59,2017-07-06 10:31:59,2017-07-06 15:00:59,2017-07-06 15:00:59,2017-07-06 15:00:59,2017-07-06 15:00:59,23495.0,23500,23500,23500,24000,23000,26.25,68.45,0.1,0.5,5.6,13.1,0.05,0.1,TP,75.55,15.0,31.0,35130.74999999999,1273925.5,2.8358814081186567,1.2739255000000003,1.2739255000000003,0.0
126,2017-07-07,2017-07-13,2017-07-07 10:30:59,2017-07-07 10:30:59,2017-07-07 10:30:59,2017-07-07 10:30:59,2017-07-07 15:20:59,2017-07-07 15:20:59,2017-07-07 15:20:59,2017-07-07 15:20:59,23446.05,23400,23400,23400,23900,22900,139.45,116.75,7.95,14.75,144.4,105.1,8.35,14.55,SqOFF,6.899999999999989,15.0,31.0,3208.499999999995,1277134.0,0.2518593120241329,1.2771340000000004,1.2771340000000004,0.0
127,2017-07-11,2017-07-13,2017-07-11 10:30:59,2017-07-11 10:30:59,2017-07-11 10:30:59,2017-07-11 10:30:59,2017-07-11 15:20:59,2017-07-11 15:20:59,2017-07-11 15:20:59,2017-07-11 15:20:59,23697.0,23700,23700,23700,24200,23200,88.55,102.95,3.6,6.9,43.65,144.5,1.5,7.9,SqOFF,2.2500000000000013,15.0,31.0,1046.2500000000007,1278180.25,0.08192170907672967,1.2781802500000004,1.2781802500000004,0.0
128,2017-07-12,2017-07-13,2017-07-12 10:30:59,2017-07-12 10:30:59,2017-07-12 10:30:59,2017-07-12 10:30:59,2017-07-12 15:20:59,2017-07-12 15:20:59,2017-07-12 15:20:59,2017-07-12 15:21:59,23577.8,23600,23600,23600,24100,23100,50.45,94.1,1.15,2.9,132.0,21.65,2.05,1.25,SqOFF,-9.850000000000009,15.0,32.0,-4728.000000000004,1273452.25,-0.36990088056829257,1.2734522500000003,1.2781802500000004,-0.36990088056829734
129,2017-07-13,2017-07-13,2017-07-13 10:30:59,2017-07-13 10:30:59,2017-07-13 10:38:59,2017-07-13 10:31:59,2017-07-13 14:56:59,2017-07-13 14:56:59,2017-07-13 15:00:59,2017-07-13 14:56:59,23904.0,23900,23900,23900,24400,23400,45.1,43.15,0.2,0.5,5.0,10.5,0.1,0.1,TP,72.25,15.0,32.0,34680.0,1308132.25,2.723305879745393,1.30813225,1.30813225,0.0
130,2017-07-14,2017-07-20,2017-07-14 10:30:59,2017-07-14 10:30:59,2017-07-14 10:30:59,2017-07-14 10:30:59,2017-07-14 15:20:59,2017-07-14 15:20:59,2017-07-14 15:20:59,2017-07-14 15:20:59,23826.15,23800,23800,23800,24300,23300,140.0,123.0,11.8,15.25,221.9,56.6,24.2,9.35,SqOFF,-9.000000000000002,15.0,31.0,-4185.000000000001,1303947.25,-0.319921781608855,1.30394725,1.30813225,-0.3199217816088629
131,2017-07-17,2017-07-20,2017-07-17 10:30:59,2017-07-17 10:30:59,2017-07-17 10:30:59,2017-07-17 10:30:59,2017-07-17 15:20:59,2017-07-17 15:20:59,2017-07-17 15:20:59,2017-07-17 15:20:59,23976.45,24000,24000,24000,24500,23500,102.0,127.0,7.05,13.7,119.0,105.85,8.1,12.85,SqOFF,4.350000000000006,15.0,31.0,2022.750000000003,1305970.0,0.1551251402232723,1.3059699999999999,1.30813225,-0.1652929204979278
132,2017-07-18,2017-07-20,2017-07-18 10:30:59,2017-07-18 10:30:59,2017-07-18 10:30:59,2017-07-18 10:30:59,2017-07-18 15:20:59,2017-07-18 15:20:59,2017-07-18 15:20:59,2017-07-18 15:20:59,24107.8,24100,24100,24100,24600,23600,102.7,103.5,4.8,12.85,73.85,114.8,2.45,11.65,SqOFF,14.000000000000012,15.0,31.0,6510.000000000006,1312480.0,0.4984800569691498,1.3124799999999999,1.3124799999999999,0.0
133,2017-07-19,2017-07-20,2017-07-19 10:30:59,2017-07-19 10:30:59,2017-07-19 10:30:59,2017-07-19 10:30:59,2017-07-19 15:20:59,2017-07-19 15:20:59,2017-07-19 15:20:59,2017-07-19 15:20:59,24142.55,24100,24100,24100,24600,23600,93.05,67.45,1.95,4.2,121.15,29.45,1.8,2.0,SqOFF,7.549999999999991,15.0,32.0,3623.9999999999955,1316104.0,0.27611849323418225,1.316104,1.316104,0.0
134,2017-07-21,2017-07-27,2017-07-21 10:30:59,2017-07-21 10:30:59,2017-07-21 10:30:59,2017-07-21 10:30:59,2017-07-21 15:20:59,2017-07-21 15:20:59,2017-07-21 15:20:59,2017-07-21 15:20:59,24234.95,24200,24200,24200,24700,23700,157.95,118.4,14.8,15.2,162.0,99.05,13.25,12.35,SqOFF,10.899999999999997,15.0,30.0,4904.999999999998,1321009.0,0.3726909119644039,1.321009,1.321009,0.0
135,2017-07-24,2017-07-27,2017-07-24 10:30:59,2017-07-24 10:30:59,2017-07-24 10:30:59,2017-07-24 10:30:59,2017-07-24 15:20:59,2017-07-24 15:20:59,2017-07-24 15:20:59,2017-07-24 15:20:59,24374.0,24400,24400,24400,24900,23900,103.0,119.0,5.35,15.75,104.0,122.35,6.05,16.1,SqOFF,-3.2999999999999927,15.0,31.0,-1534.4999999999966,1319474.5,-0.11616120707731717,1.3194745,1.321009,-0.11616120707731697
136,2017-07-25,2017-07-27,2017-07-25 10:30:59,2017-07-25 10:30:59,2017-07-25 10:30:59,2017-07-25 10:30:59,2017-07-25 15:20:59,2017-07-25 15:20:59,2017-07-25 15:20:59,2017-07-25 15:20:59,24481.0,24500,24500,24500,25000,24000,99.15,105.1,5.95,11.75,113.3,76.95,5.4,9.8,SqOFF,11.5,15.0,31.0,5347.5,1324822.0,0.40527497878890417,1.3248220000000002,1.3248220000000002,0.0
137,2017-07-26,2017-07-27,2017-07-26 10:30:59,2017-07-26 10:30:59,2017-07-26 10:30:59,2017-07-26 10:31:59,2017-07-26 15:06:59,2017-07-26 15:06:59,2017-07-26 15:06:59,2017-07-26 15:06:59,24548.45,24500,24500,24500,25000,24000,115.5,54.55,2.2,4.9,201.65,19.55,7.75,3.25,SL,-47.25000000000001,15.0,31.0,-21971.250000000004,1302850.75,-1.6584303400758746,1.3028507500000002,1.3248220000000002,-1.658430340075874
138,2017-07-28,2017-08-03,2017-07-28 10:30:59,2017-07-28 10:30:59,2017-07-28 10:30:59,2017-07-28 10:30:59,2017-07-28 15:20:59,2017-07-28 15:20:59,2017-07-28 15:20:59,2017-07-28 15:20:59,24943.35,24900,24900,24900,25400,24400,153.45,134.35,20.65,25.95,149.5,136.1,19.4,22.35,SqOFF,-2.6500000000000092,15.0,29.0,-1152.7500000000039,1301698.0,-0.08847905256991286,1.3016980000000002,1.3248220000000002,-1.7454420291933497
139,2017-07-31,2017-08-03,2017-07-31 10:30:59,2017-07-31 10:30:59,2017-07-31 10:30:59,2017-07-31 10:30:59,2017-07-31 15:20:59,2017-07-31 15:20:59,2017-07-31 15:20:59,2017-07-31 15:20:59,24983.0,25000,25000,25000,25500,24500,116.0,169.25,12.25,24.45,204.05,117.9,33.65,18.9,SqOFF,-20.85000000000002,15.0,29.0,-9069.750000000007,1292628.25,-0.696762997254356,1.2926282500000004,1.3248220000000002,-2.430043432249751
140,2017-08-01,2017-08-03,2017-08-01 10:30:59,2017-08-01 10:30:59,2017-08-01 10:30:59,2017-08-01 10:30:59,2017-08-01 15:20:59,2017-08-01 15:20:59,2017-08-01 15:20:59,2017-08-01 15:20:59,25185.1,25200,25200,25200,25700,24700,144.55,194.0,23.05,34.25,138.85,159.7,16.7,23.05,SqOFF,22.450000000000028,15.0,28.0,9429.000000000013,1302057.25,0.7294440609664854,1.3020572500000005,1.3248220000000002,-1.7183251787787086
141,2017-08-02,2017-08-03,2017-08-02 10:30:59,2017-08-02 10:30:59,2017-08-02 10:30:59,2017-08-02 10:30:59,2017-08-02 15:20:59,2017-08-02 15:20:59,2017-08-02 15:20:59,2017-08-02 15:20:59,25212.0,25200,25200,25200,25700,24700,121.7,148.75,9.7,14.35,46.05,114.35,1.75,5.2,SqOFF,92.95000000000002,15.0,29.0,40433.25000000001,1342490.5,3.105335806086868,1.3424905000000005,1.3424905000000005,0.0
142,2017-08-03,2017-08-03,2017-08-03 10:30:59,2017-08-03 10:30:59,2017-08-03 10:30:59,2017-08-03 10:30:59,2017-08-03 14:33:59,2017-08-03 14:33:59,2017-08-03 14:33:59,2017-08-03 14:33:59,24877.0,24900,24900,24900,25400,24400,19.2,86.9,0.25,0.8,0.45,149.45,0.05,0.3,SL,-44.499999999999986,15.0,32.0,-21359.999999999993,1321130.5,-1.5910727115014962,1.3211305000000004,1.3424905000000005,-1.5910727115014993
143,2017-08-04,2017-08-10,2017-08-04 10:30:59,2017-08-04 10:30:59,2017-08-04 10:30:59,2017-08-04 10:30:59,2017-08-04 15:20:59,2017-08-04 15:20:59,2017-08-04 15:20:59,2017-08-04 15:20:59,24780.0,24800,24800,24800,25300,24300,110.0,153.7,11.2,27.0,182.5,77.45,25.25,13.0,SqOFF,3.7999999999999865,15.0,30.0,1709.999999999994,1322840.5,0.12943460165365905,1.3228405000000005,1.3424905000000005,-1.4636975084739845
144,2017-08-07,2017-08-10,2017-08-07 10:30:59,2017-08-07 10:30:59,2017-08-07 10:30:59,2017-08-07 10:30:59,2017-08-07 15:20:59,2017-08-07 15:20:59,2017-08-07 15:20:59,2017-08-07 15:20:59,25022.1,25000,25000,25000,25500,24500,110.0,129.0,12.8,14.95,98.75,131.85,10.3,14.2,SqOFF,5.150000000000006,15.0,30.0,2317.5000000000027,1325158.0,0.17519118896042288,1.3251580000000007,1.3424905000000005,-1.2910705885814273
145,2017-08-08,2017-08-10,2017-08-08 10:30:59,2017-08-08 10:30:59,2017-08-08 10:30:59,2017-08-08 10:30:59,2017-08-08 15:20:59,2017-08-08 15:20:59,2017-08-08 15:20:59,2017-08-08 15:20:59,24706.95,24700,24700,24700,25200,24200,95.9,129.25,8.95,13.95,94.4,99.3,6.15,13.05,SqOFF,27.750000000000007,15.0,31.0,12903.750000000004,1338061.75,0.9737518092182217,1.3380617500000007,1.3424905000000005,-0.3298906025778028
146,2017-08-09,2017-08-10,2017-08-09 10:30:59,2017-08-09 10:30:59,2017-08-09 10:30:59,2017-08-09 10:30:59,2017-08-09 15:20:59,2017-08-09 15:20:59,2017-08-09 15:20:59,2017-08-09 15:20:59,24571.25,24600,24600,24600,25100,24100,57.85,136.25,2.25,12.5,13.15,212.85,1.4,18.1,SqOFF,-27.14999999999999,15.0,31.0,-12624.749999999996,1325437.0,-0.9435102677436222,1.3254370000000009,1.3424905000000005,-1.2702883186137708
147,2017-08-10,2017-08-10,2017-08-10 10:30:59,2017-08-10 10:30:59,2017-08-10 10:30:59,2017-08-10 10:30:59,2017-08-10 14:52:59,2017-08-10 14:52:59,2017-08-10 14:52:59,2017-08-10 14:52:59,24315.8,24300,24300,24300,24800,23800,33.1,86.85,0.4,1.05,0.3,164.05,0.05,0.2,SL,-45.600000000000016,15.0,32.0,-21888.000000000007,1303549.0,-1.6513798845211056,1.3035490000000007,1.3424905000000005,-2.9006909173658757
148,2017-08-11,2017-08-17,2017-08-11 10:30:59,2017-08-11 10:30:59,2017-08-11 10:30:59,2017-08-11 10:30:59,2017-08-11 15:20:59,2017-08-11 15:20:59,2017-08-11 15:20:59,2017-08-11 15:20:59,24154.0,24200,24200,24200,24700,23700,139.9,241.55,16.5,80.0,117.4,284.9,10.35,93.7,SqOFF,-13.299999999999962,15.0,29.0,-5785.499999999984,1297763.5,-0.4438268143353248,1.2977635000000007,1.3424905000000005,-3.331643687608942
149,2017-08-14,2017-08-17,2017-08-14 10:30:59,2017-08-14 10:30:59,2017-08-14 10:30:59,2017-08-14 10:30:59,2017-08-14 15:20:59,2017-08-14 15:20:59,2017-08-14 15:20:59,2017-08-14 15:20:59,24235.2,24200,24200,24200,24700,23700,141.1,152.5,9.15,31.7,117.85,147.7,3.75,30.75,SqOFF,21.700000000000014,15.0,30.0,9765.000000000007,1307528.5,0.752448346713404,1.3075285000000008,1.3424905000000005,-2.604264238741332
150,2017-08-16,2017-08-17,2017-08-16 10:30:59,2017-08-16 10:30:59,2017-08-16 10:30:59,2017-08-16 10:30:59,2017-08-16 13:03:59,2017-08-16 13:03:59,2017-08-16 13:03:59,2017-08-16 13:03:59,24024.2,24000,24000,24000,24500,23500,79.5,112.25,2.5,8.7,235.2,28.15,12.0,2.65,SL,-68.14999999999999,15.0,31.0,-31689.749999999993,1275838.75,-2.423637419757963,1.2758387500000008,1.3424905000000005,-4.964783735899781
151,2017-08-17,2017-08-17,2017-08-17 10:30:59,2017-08-17 10:30:59,2017-08-17 10:30:59,2017-08-17 10:30:59,2017-08-17 11:08:59,2017-08-17 11:08:59,2017-08-17 11:08:59,2017-08-17 11:08:59,24422.1,24400,24400,24400,24900,23900,60.2,55.05,0.35,0.8,25.65,126.1,0.15,2.15,SL,-35.349999999999994,15.0,31.0,-16437.75,1259401.0,-1.2883877370866812,1.2594010000000009,1.3424905000000005,-6.189205808160249
152,2017-08-18,2017-08-24,2017-08-18 10:30:59,2017-08-18 10:30:59,2017-08-18 10:30:59,2017-08-18 10:30:59,2017-08-18 15:20:59,2017-08-18 15:20:59,2017-08-18 15:20:59,2017-08-18 15:20:59,24047.2,24000,24000,24000,24500,23500,214.15,188.9,40.15,61.25,242.0,154.55,46.5,42.65,SqOFF,-5.75,15.0,27.0,-2328.75,1257072.25,-0.18490933388174222,1.257072250000001,1.3424905000000005,-6.3626707228095505
153,2017-08-21,2017-08-24,2017-08-21 10:30:59,2017-08-21 10:30:59,2017-08-21 10:30:59,2017-08-21 10:30:59,2017-08-21 15:20:59,2017-08-21 15:20:59,2017-08-21 15:20:59,2017-08-21 15:20:59,24193.5,24200,24200,24200,24700,23700,152.0,165.3,17.5,33.25,62.0,299.95,4.7,79.55,SqOFF,-11.149999999999977,15.0,28.0,-4682.999999999991,1252389.25,-0.37253228682758616,1.252389250000001,1.3424905000000005,-6.7115000068901445
154,2017-08-22,2017-08-24,2017-08-22 10:30:59,2017-08-22 10:30:59,2017-08-22 10:30:59,2017-08-22 10:30:59,2017-08-22 15:20:59,2017-08-22 15:20:59,2017-08-22 15:20:59,2017-08-22 15:20:59,23926.05,23900,23900,23900,24400,23400,158.1,153.7,18.35,29.5,202.0,78.95,19.0,9.7,SqOFF,11.699999999999978,15.0,29.0,5089.499999999991,1257478.75,0.4063832390768278,1.2574787500000009,1.3424905000000005,-6.33239117893196
155,2017-08-23,2017-08-24,2017-08-23 10:30:59,2017-08-23 10:30:59,2017-08-23 10:30:59,2017-08-23 10:30:59,2017-08-23 15:20:59,2017-08-23 15:20:59,2017-08-23 15:20:59,2017-08-23 15:20:59,24176.1,24200,24200,24200,24700,23700,83.6,123.95,2.4,13.25,186.1,31.0,3.55,4.0,SqOFF,-17.65,15.0,30.0,-7942.5,1249536.25,-0.6316210114882658,1.249536250000001,1.3424905000000005,-6.92401547720446
156,2017-08-24,2017-08-24,2017-08-24 10:30:59,2017-08-24 10:30:59,2017-08-24 10:31:59,2017-08-24 10:30:59,2017-08-24 15:12:59,2017-08-24 15:12:59,2017-08-24 15:12:59,2017-08-24 15:12:59,24280.0,24300,24300,24300,24800,23800,40.3,69.95,0.2,1.35,16.75,4.05,0.05,0.05,TP,88.0,15.0,31.0,40920.0,1290456.25,3.274814956348805,1.290456250000001,1.3424905000000005,-3.875949215283049
157,2017-08-28,2017-08-31,2017-08-28 10:30:59,2017-08-28 10:30:59,2017-08-28 10:30:59,2017-08-28 10:30:59,2017-08-28 15:20:59,2017-08-28 15:20:59,2017-08-28 15:20:59,2017-08-28 15:20:59,24410.6,24400,24400,24400,24900,23900,150.25,143.0,16.7,24.6,130.15,145.45,11.4,26.45,SqOFF,14.200000000000005,15.0,29.0,6177.000000000002,1296633.25,0.47866791299588823,1.296633250000001,1.3424905000000005,-3.41583422750473
158,2017-08-29,2017-08-31,2017-08-29 10:30:59,2017-08-29 10:30:59,2017-08-29 10:30:59,2017-08-29 10:30:59,2017-08-29 15:20:59,2017-08-29 15:20:59,2017-08-29 15:20:59,2017-08-29 15:20:59,24200.4,24200,24200,24200,24700,23700,138.65,134.7,11.55,23.4,84.3,175.55,4.9,26.65,SqOFF,10.099999999999985,15.0,30.0,4544.999999999993,1301178.25,0.3505231722231396,1.301178250000001,1.3424905000000005,-3.0772843457737222
159,2017-08-30,2017-08-31,2017-08-30 10:30:59,2017-08-30 10:30:59,2017-08-30 10:30:59,2017-08-30 10:30:59,2017-08-30 15:20:59,2017-08-30 15:20:59,2017-08-30 15:20:59,2017-08-30 15:20:59,24302.55,24300,24300,24300,24800,23800,96.9,86.85,3.65,6.55,79.9,74.8,2.3,5.6,SqOFF,26.749999999999996,15.0,31.0,12438.749999999998,1313617.0,0.9559604919618044,1.3136170000000011,1.3424905000000005,-2.150741476382836
160,2017-08-31,2017-08-31,2017-08-31 10:30:59,2017-08-31 10:30:59,2017-08-31 10:30:59,2017-08-31 10:30:59,2017-08-31 15:20:59,2017-08-31 15:20:59,2017-08-31 15:20:59,2017-08-31 15:20:59,24238.0,24200,24200,24200,24700,23700,79.0,40.5,0.6,0.45,110.0,0.35,0.05,0.05,SqOFF,8.199999999999998,15.0,32.0,3935.9999999999986,1317553.0,0.29963071427973287,1.3175530000000013,1.3424905000000005,-1.857555044151088
161,2017-09-01,2017-09-07,2017-09-01 10:30:59,2017-09-01 10:30:59,2017-09-01 10:30:59,2017-09-01 10:30:59,2017-09-01 15:20:59,2017-09-01 15:20:59,2017-09-01 15:20:59,2017-09-01 15:20:59,24468.5,24500,24500,24500,25000,24000,114.95,187.0,9.25,34.5,103.7,177.0,7.25,29.7,SqOFF,14.45,15.0,30.0,6502.5,1324055.5,0.4935285335770174,1.3240555000000014,1.3424905000000005,-1.37319407474385
162,2017-09-04,2017-09-07,2017-09-04 10:30:59,2017-09-04 10:30:59,2017-09-04 10:30:59,2017-09-04 10:30:59,2017-09-04 12:19:59,2017-09-04 12:19:59,2017-09-04 12:19:59,2017-09-04 12:19:59,24379.0,24400,24400,24400,24900,23900,102.25,166.5,5.85,23.2,64.65,288.7,4.0,68.35,SL,-41.3,15.0,30.0,-18585.0,1305470.5,-1.403642067874043,1.3054705000000013,1.3424905000000005,-2.7575614129112385
163,2017-09-05,2017-09-07,2017-09-05 10:30:59,2017-09-05 10:30:59,2017-09-05 10:30:59,2017-09-05 10:30:59,2017-09-05 15:20:59,2017-09-05 15:20:59,2017-09-05 15:20:59,2017-09-05 15:20:59,24408.25,24400,24400,24400,24900,23900,93.0,130.1,2.9,16.95,78.3,118.65,1.55,13.15,SqOFF,20.999999999999993,15.0,31.0,9764.999999999996,1315235.5,0.748006178615296,1.3152355000000013,1.3424905000000005,-2.0301819640436287
164,2017-09-06,2017-09-07,2017-09-06 10:30:59,2017-09-06 10:30:59,2017-09-06 10:30:59,2017-09-06 10:30:59,2017-09-06 15:20:59,2017-09-06 15:20:59,2017-09-06 15:20:59,2017-09-06 15:20:59,24232.0,24200,24200,24200,24700,23700,73.8,92.5,1.1,4.5,107.1,41.2,0.9,1.95,SqOFF,15.25,15.0,32.0,7320.0,1322555.5,0.5565543205000169,1.3225555000000013,1.3424905000000005,-1.4849267089785096
165,2017-09-07,2017-09-07,2017-09-07 10:30:59,2017-09-07 10:30:59,2017-09-07 10:31:59,2017-09-07 10:30:59,2017-09-07 15:20:59,2017-09-07 15:20:59,2017-09-07 15:23:59,2017-09-07 15:20:59,24422.0,24400,24400,24400,24900,23900,29.7,47.1,0.1,0.3,0.4,66.95,0.05,0.1,SqOFF,9.2,15.0,32.0,4416.0,1326971.5,0.33389903108035923,1.3269715000000013,1.3424905000000005,-1.1559858337916855
166,2017-09-08,2017-09-14,2017-09-08 10:30:59,2017-09-08 10:30:59,2017-09-08 10:30:59,2017-09-08 10:30:59,2017-09-08 15:20:59,2017-09-08 15:20:59,2017-09-08 15:20:59,2017-09-08 15:20:59,24383.9,24400,24400,24400,24900,23900,110.0,160.35,6.6,26.65,107.1,161.55,4.7,31.6,SqOFF,4.749999999999992,15.0,30.0,2137.4999999999964,1329109.0,0.16108107822963766,1.3291090000000012,1.3424905000000005,-0.9967668300073084
167,2017-09-11,2017-09-14,2017-09-11 10:30:59,2017-09-11 10:30:59,2017-09-11 10:30:59,2017-09-11 10:30:59,2017-09-11 15:20:59,2017-09-11 15:20:59,2017-09-11 15:20:59,2017-09-11 15:20:59,24489.4,24500,24500,24500,25000,24000,95.35,132.45,4.0,14.3,191.35,59.2,13.85,7.1,SqOFF,-20.100000000000016,15.0,31.0,-9346.500000000007,1319762.5,-0.7032154623887136,1.319762500000001,1.3424905000000005,-1.6929728739234584
168,2017-09-12,2017-09-14,2017-09-12 10:30:59,2017-09-12 10:30:59,2017-09-12 10:30:59,2017-09-12 10:30:59,2017-09-12 15:20:59,2017-09-12 15:20:59,2017-09-12 15:20:59,2017-09-12 15:20:59,24755.4,24800,24800,24800,25300,24300,70.2,136.2,2.7,9.8,71.6,109.45,1.95,7.25,SqOFF,22.049999999999994,15.0,31.0,10253.249999999998,1330015.75,0.7769011469866736,1.3300157500000012,1.3424905000000005,-0.9292244526124623
169,2017-09-13,2017-09-14,2017-09-13 10:30:59,2017-09-13 10:30:59,2017-09-13 10:30:59,2017-09-13 10:30:59,2017-09-13 15:20:59,2017-09-13 15:20:59,2017-09-13 15:20:59,2017-09-13 15:20:59,24855.05,24900,24900,24900,25400,24400,51.65,105.3,0.9,4.85,24.1,118.4,0.45,3.6,SqOFF,12.74999999999999,15.0,31.0,5928.7499999999945,1335944.5,0.4457653978909644,1.3359445000000012,1.3424905000000005,-0.4876012157999831
170,2017-09-14,2017-09-14,2017-09-14 10:30:59,2017-09-14 10:30:59,2017-09-14 10:30:59,2017-09-14 10:30:59,2017-09-14 15:10:59,2017-09-14 15:10:59,2017-09-14 15:13:59,2017-09-14 15:10:59,24947.7,24900,24900,24900,25400,24400,53.7,24.55,0.15,0.3,6.95,3.35,0.05,0.1,TP,67.65,15.0,32.0,32472.000000000004,1368416.5,2.4306398955944655,1.3684165000000013,1.3684165000000013,0.0
171,2017-09-15,2017-09-21,2017-09-15 10:30:59,2017-09-15 10:30:59,2017-09-15 10:30:59,2017-09-15 10:30:59,2017-09-15 15:20:59,2017-09-15 15:20:59,2017-09-15 15:20:59,2017-09-15 15:20:59,24857.2,24900,24900,24900,25400,24400,113.3,169.7,10.3,28.7,106.0,166.55,8.65,26.0,SqOFF,6.099999999999975,15.0,31.0,2836.499999999988,1371253.0,0.20728338192355822,1.3712530000000012,1.3712530000000012,0.0
172,2017-09-18,2017-09-21,2017-09-18 10:30:59,2017-09-18 10:30:59,2017-09-18 10:30:59,2017-09-18 10:30:59,2017-09-18 15:20:59,2017-09-18 15:20:59,2017-09-18 15:20:59,2017-09-18 15:20:59,25053.0,25100,25100,25100,25600,24600,95.8,140.0,5.35,13.55,87.25,128.5,4.35,13.8,SqOFF,19.299999999999997,15.0,31.0,8974.5,1380227.5,0.6544744113595377,1.380227500000001,1.380227500000001,0.0
173,2017-09-19,2017-09-21,2017-09-19 10:30:59,2017-09-19 10:30:59,2017-09-19 10:30:59,2017-09-19 10:30:59,2017-09-19 15:20:59,2017-09-19 15:20:59,2017-09-19 15:20:59,2017-09-19 15:20:59,25015.45,25000,25000,25000,25500,24500,106.25,88.65,4.2,7.55,124.85,68.0,3.95,6.5,SqOFF,0.7500000000000115,15.0,32.0,360.00000000000557,1380587.5,0.026082656663485228,1.380587500000001,1.380587500000001,0.0
174,2017-09-20,2017-09-21,2017-09-20 10:30:59,2017-09-20 10:30:59,2017-09-20 10:30:59,2017-09-20 10:30:59,2017-09-20 15:20:59,2017-09-20 15:20:59,2017-09-20 15:21:59,2017-09-20 15:20:59,25043.0,25000,25000,25000,25500,24500,98.6,57.6,1.9,3.0,73.45,69.9,1.05,3.5,SqOFF,12.499999999999988,15.0,32.0,5999.999999999994,1386587.5,0.43459758979419943,1.386587500000001,1.386587500000001,0.0
175,2017-09-21,2017-09-21,2017-09-21 10:30:59,2017-09-21 10:30:59,2017-09-21 10:30:59,2017-09-21 10:30:59,2017-09-21 15:01:59,2017-09-21 15:01:59,2017-09-21 15:01:59,2017-09-21 15:02:59,24825.85,24800,24800,24800,25300,24300,43.3,44.1,0.3,0.7,8.65,8.75,0.05,0.05,TP,69.1,15.0,33.0,34204.49999999999,1420792.0,2.466811506666546,1.420792000000001,1.420792000000001,0.0
176,2017-09-22,2017-09-28,2017-09-22 10:30:59,2017-09-22 10:30:59,2017-09-22 10:30:59,2017-09-22 10:30:59,2017-09-22 15:20:59,2017-09-22 15:20:59,2017-09-22 15:20:59,2017-09-22 15:20:59,24542.35,24500,24500,24500,25000,24000,195.5,150.5,23.0,44.6,133.4,207.5,11.25,72.75,SqOFF,21.499999999999993,15.0,31.0,9997.499999999996,1430789.5,0.7036568336533423,1.430789500000001,1.430789500000001,0.0
177,2017-09-25,2017-09-28,2017-09-25 10:30:59,2017-09-25 10:30:59,2017-09-25 10:30:59,2017-09-25 10:30:59,2017-09-25 15:20:59,2017-09-25 15:20:59,2017-09-25 15:20:59,2017-09-25 15:20:59,24134.4,24100,24100,24100,24600,23600,170.95,146.3,16.85,34.9,191.0,103.1,18.2,16.3,SqOFF,5.900000000000006,15.0,33.0,2920.5000000000027,1433710.0,0.20411807606919136,1.4337100000000012,1.4337100000000012,0.0
178,2017-09-26,2017-09-28,2017-09-26 10:30:59,2017-09-26 10:30:59,2017-09-26 10:30:59,2017-09-26 10:30:59,2017-09-26 15:20:59,2017-09-26 15:20:59,2017-09-26 15:20:59,2017-09-26 15:20:59,24138.95,24100,24100,24100,24600,23600,139.05,99.3,9.55,12.95,177.4,63.0,11.65,9.5,SqOFF,-3.399999999999997,15.0,34.0,-1733.9999999999984,1431976.0,-0.12094496097537148,1.4319760000000012,1.4337100000000012,-0.12094496097536467
179,2017-09-27,2017-09-28,2017-09-27 10:30:59,2017-09-27 10:30:59,2017-09-27 10:30:59,2017-09-27 10:30:59,2017-09-27 14:08:59,2017-09-27 14:08:59,2017-09-27 14:08:59,2017-09-27 14:08:59,24072.9,24100,24100,24100,24600,23600,87.4,119.9,4.75,13.0,26.4,245.85,2.35,25.0,SL,-55.349999999999994,15.0,34.0,-28228.499999999996,1403747.5,-1.971297004977737,1.4037475000000013,1.4337100000000012,-2.089857781559721
180,2017-09-28,2017-09-28,2017-09-28 10:30:59,2017-09-28 10:30:59,2017-09-28 10:30:59,2017-09-28 10:30:59,2017-09-28 12:55:59,2017-09-28 12:55:59,2017-09-28 12:55:59,2017-09-28 12:55:59,23868.6,23900,23900,23900,24400,23400,39.0,73.45,0.9,2.8,8.35,150.1,0.25,2.6,SL,-46.849999999999994,15.0,35.0,-24596.249999999996,1379151.25,-1.7521847768206174,1.3791512500000012,1.4337100000000012,-3.805424388474653
181,2017-09-29,2017-10-05,2017-09-29 10:30:59,2017-09-29 10:30:59,2017-09-29 10:30:59,2017-09-29 10:30:59,2017-09-29 15:20:59,2017-09-29 15:20:59,2017-09-29 15:20:59,2017-09-29 15:20:59,24202.05,24200,24200,24200,24700,23700,137.25,170.05,15.0,38.4,79.95,243.35,6.05,50.5,SqOFF,-12.849999999999984,15.0,31.0,-5975.249999999993,1373176.0,-0.4332555983254188,1.373176000000001,1.4337100000000012,-4.222192772596971
182,2017-10-03,2017-10-05,2017-10-03 10:30:59,2017-10-03 10:30:59,2017-10-03 10:30:59,2017-10-03 10:30:59,2017-10-03 15:20:59,2017-10-03 15:20:59,2017-10-03 15:20:59,2017-10-03 15:20:59,24081.95,24100,24100,24100,24600,23600,138.1,189.05,15.2,35.3,132.2,152.0,9.05,23.4,SqOFF,24.90000000000002,15.0,31.0,11578.50000000001,1384754.5,0.8431912588044074,1.3847545000000012,1.4337100000000012,-3.414602674180963
183,2017-10-04,2017-10-05,2017-10-04 10:30:59,2017-10-04 10:30:59,2017-10-04 10:30:59,2017-10-04 10:30:59,2017-10-04 15:20:59,2017-10-04 15:20:59,2017-10-04 15:20:59,2017-10-04 15:20:59,24163.05,24200,24200,24200,24700,23700,91.9,154.0,4.05,15.9,28.7,142.55,0.5,5.4,SqOFF,60.599999999999994,15.0,32.0,29087.999999999996,1413842.5,2.100588949160302,1.4138425000000012,1.4337100000000012,-1.38574049145224
184,2017-10-05,2017-10-05,2017-10-05 10:30:59,2017-10-05 10:30:59,2017-10-05 10:31:59,2017-10-05 10:30:59,2017-10-05 11:46:59,2017-10-05 11:46:59,2017-10-05 11:46:59,2017-10-05 11:46:59,24176.55,24200,24200,24200,24700,23700,23.2,72.0,0.05,0.65,9.15,116.05,0.05,0.8,SL,-29.85,15.0,35.0,-15671.25,1398171.25,-1.1084155413350496,1.3981712500000012,1.4337100000000012,-2.4787962698174613
185,2017-10-06,2017-10-12,2017-10-06 10:30:59,2017-10-06 10:30:59,2017-10-06 10:30:59,2017-10-06 10:30:59,2017-10-06 15:20:59,2017-10-06 15:20:59,2017-10-06 15:20:59,2017-10-06 15:20:59,24245.0,24200,24200,24200,24700,23700,142.75,126.0,10.25,16.85,125.85,125.2,9.2,13.7,SqOFF,13.5,15.0,32.0,6480.0,1404651.25,0.46346254080106425,1.4046512500000012,1.4337100000000012,-2.0268220211897727
186,2017-10-09,2017-10-12,2017-10-09 10:30:59,2017-10-09 10:30:59,2017-10-09 10:30:59,2017-10-09 10:30:59,2017-10-09 15:20:59,2017-10-09 15:20:59,2017-10-09 15:20:59,2017-10-09 15:20:59,24322.5,24300,24300,24300,24800,23800,111.95,115.15,5.15,10.65,96.0,122.0,3.1,12.3,SqOFF,8.700000000000008,15.0,33.0,4306.500000000004,1408957.75,0.3065885571240551,1.4089577500000015,1.4337100000000012,-1.7264474684559414
187,2017-10-10,2017-10-12,2017-10-10 10:30:59,2017-10-10 10:30:59,2017-10-10 10:30:59,2017-10-10 10:30:59,2017-10-10 15:20:59,2017-10-10 15:20:59,2017-10-10 15:20:59,2017-10-10 15:20:59,24332.0,24300,24300,24300,24800,23800,100.6,89.75,2.6,6.25,110.9,64.8,1.85,4.7,SqOFF,12.34999999999999,15.0,34.0,6298.499999999995,1415256.25,0.4470325671582413,1.4152562500000014,1.4337100000000012,-1.2871326837365784
188,2017-10-11,2017-10-12,2017-10-11 10:30:59,2017-10-11 10:30:59,2017-10-11 10:30:59,2017-10-11 10:30:59,2017-10-11 13:29:59,2017-10-11 13:29:59,2017-10-11 13:29:59,2017-10-11 13:29:59,24462.85,24500,24500,24500,25000,24000,41.2,101.1,0.7,3.0,13.0,175.05,0.5,6.6,SL,-42.350000000000016,15.0,34.0,-21598.500000000007,1393657.75,-1.526119386506861,1.3936577500000014,1.4337100000000012,-2.793608888826873
189,2017-10-12,2017-10-12,2017-10-12 10:30:59,2017-10-12 10:30:59,2017-10-12 10:31:59,2017-10-12 10:30:59,2017-10-12 14:30:59,2017-10-12 14:30:59,2017-10-12 14:31:59,2017-10-12 14:33:59,24120.0,24100,24100,24100,24600,23600,38.0,50.15,0.05,0.5,113.35,3.9,0.05,0.05,SL,-29.549999999999994,15.0,35.0,-15513.749999999996,1378144.0,-1.1131678491365613,1.3781440000000014,1.4337100000000012,-3.875679181982391
190,2017-10-13,2017-10-18,2017-10-13 10:30:59,2017-10-13 10:30:59,2017-10-13 10:30:59,2017-10-13 10:30:59,2017-10-13 15:20:59,2017-10-13 15:20:59,2017-10-13 15:20:59,2017-10-13 15:20:59,24552.0,24600,24600,24600,25100,24100,98.1,166.35,8.45,28.85,202.0,87.7,23.9,20.05,SqOFF,-18.600000000000016,15.0,31.0,-8649.000000000007,1369495.0,-0.627583184340679,1.3694950000000015,1.4337100000000012,-4.478939255497949
191,2017-10-16,2017-10-18,2017-10-16 10:30:59,2017-10-16 10:30:59,2017-10-16 10:30:59,2017-10-16 10:30:59,2017-10-16 10:51:59,2017-10-16 10:51:59,2017-10-16 10:51:59,2017-10-16 10:51:59,24759.6,24800,24800,24800,25300,24300,100.5,145.0,9.1,17.4,62.1,261.3,5.85,46.8,SL,-51.75000000000001,15.0,31.0,-24063.750000000004,1345431.25,-1.7571258018466664,1.3454312500000014,1.4337100000000012,-6.157364460037223
192,2017-10-17,2017-10-18,2017-10-17 10:30:59,2017-10-17 10:30:59,2017-10-17 10:30:59,2017-10-17 10:30:59,2017-10-17 15:20:59,2017-10-17 15:20:59,2017-10-17 15:20:59,2017-10-17 15:20:59,24735.1,24700,24700,24700,25200,24200,111.0,83.3,6.35,11.35,51.5,104.6,2.6,6.35,SqOFF,29.450000000000003,15.0,31.0,13694.25,1359125.5,1.0178335013401838,1.3591255000000015,1.4337100000000012,-5.202202676970904
193,2017-10-18,2017-10-18,2017-10-18 10:30:59,2017-10-18 10:30:59,2017-10-18 10:30:59,2017-10-18 10:30:59,2017-10-18 15:23:59,2017-10-18 15:20:59,2017-10-18 15:20:59,2017-10-18 15:20:59,24375.0,24400,24400,24400,24900,23900,41.0,82.1,0.4,0.85,0.1,80.8,0.1,0.05,SqOFF,41.1,15.0,33.0,20344.5,1379470.0,1.4968816345510405,1.3794700000000015,1.4337100000000012,-3.783191858883566
194,2017-10-23,2017-10-26,2017-10-23 10:30:59,2017-10-23 10:30:59,2017-10-23 10:30:59,2017-10-23 10:30:59,2017-10-23 15:20:59,2017-10-23 15:20:59,2017-10-23 15:20:59,2017-10-23 15:20:59,24049.95,24000,24000,24000,24500,23500,196.5,153.7,30.9,35.25,225.0,119.05,33.85,26.5,SqOFF,0.3499999999999943,15.0,31.0,162.74999999999736,1379632.75,0.011798009380414025,1.3796327500000014,1.4337100000000012,-3.771840190833551
195,2017-10-24,2017-10-26,2017-10-24 10:30:59,2017-10-24 10:30:59,2017-10-24 10:30:59,2017-10-24 10:30:59,2017-10-24 15:20:59,2017-10-24 15:20:59,2017-10-24 15:20:59,2017-10-24 15:20:59,24252.0,24300,24300,24300,24800,23800,114.05,158.35,10.75,26.6,105.45,163.45,10.65,24.8,SqOFF,1.5999999999999996,15.0,32.0,767.9999999999998,1380400.75,0.055666988189429376,1.3804007500000015,1.4337100000000012,-3.7182728724776695
196,2017-10-25,2017-10-26,2017-10-25 10:30:59,2017-10-25 10:30:59,2017-10-25 10:30:59,2017-10-25 10:30:59,2017-10-25 13:14:59,2017-10-25 13:14:59,2017-10-25 13:14:59,2017-10-25 13:14:59,24662.95,24700,24700,24700,25200,24200,97.55,139.4,6.05,12.7,275.65,34.3,33.35,6.55,SL,-51.84999999999996,15.0,32.0,-24887.99999999998,1355512.75,-1.8029546854418894,1.3555127500000015,1.4337100000000012,-5.454188782947709
197,2017-10-26,2017-10-26,2017-10-26 10:30:59,2017-10-26 10:30:59,2017-10-26 10:30:59,2017-10-26 10:30:59,2017-10-26 12:59:59,2017-10-26 12:59:59,2017-10-26 12:59:59,2017-10-26 12:59:59,24926.25,24900,24900,24900,25400,24400,103.95,74.75,5.55,3.7,215.9,21.8,11.1,1.0,SL,-56.150000000000006,15.0,32.0,-26952.000000000004,1328560.75,-1.9883250821506475,1.3285607500000014,1.4337100000000012,-7.3340668614991635
198,2017-10-27,2017-11-02,2017-10-27 10:30:59,2017-10-27 10:30:59,2017-10-27 10:30:59,2017-10-27 10:30:59,2017-10-27 15:20:59,2017-10-27 15:20:59,2017-10-27 15:20:59,2017-10-27 15:20:59,25012.1,25000,25000,25000,25500,24500,178.5,216.65,40.65,50.1,150.5,210.25,27.95,54.35,SqOFF,25.950000000000006,15.0,28.0,10899.000000000002,1339459.75,0.8203614324749546,1.3394597500000014,1.4337100000000012,-6.573871284987877
199,2017-10-30,2017-11-02,2017-10-30 10:30:59,2017-10-30 10:30:59,2017-10-30 10:30:59,2017-10-30 10:30:59,2017-10-30 15:20:59,2017-10-30 15:20:59,2017-10-30 15:20:59,2017-10-30 15:20:59,25060.3,25100,25100,25100,25600,24600,121.85,204.5,14.9,44.95,118.25,195.1,13.8,40.9,SqOFF,7.849999999999996,15.0,29.0,3414.749999999998,1342874.5,0.2549348720631582,1.3428745000000015,1.4337100000000012,-6.33569550327469
200,2017-10-31,2017-11-02,2017-10-31 10:30:59,2017-10-31 10:30:59,2017-10-31 10:30:59,2017-10-31 10:30:59,2017-10-31 15:20:59,2017-10-31 15:20:59,2017-10-31 15:20:59,2017-10-31 15:20:59,25036.95,25000,25000,25000,25500,24500,133.15,146.1,13.85,26.5,141.25,125.0,14.95,19.25,SqOFF,6.85,15.0,30.0,3082.5,1345957.0,0.22954490535042552,1.3459570000000016,1.4337100000000012,-6.120693864170541
201,2017-11-01,2017-11-02,2017-11-01 10:30:59,2017-11-01 10:30:59,2017-11-01 10:30:59,2017-11-01 10:30:59,2017-11-01 15:20:59,2017-11-01 15:20:59,2017-11-01 15:20:59,2017-11-01 15:20:59,25465.2,25500,25500,25500,26000,25000,78.7,144.0,4.75,14.15,89.7,82.8,4.3,6.2,SqOFF,41.8,15.0,30.0,18810.0,1364767.0,1.3975186428689772,1.3647670000000014,1.4337100000000012,-4.808713059126301
202,2017-11-02,2017-11-02,2017-11-02 10:30:59,2017-11-02 10:30:59,2017-11-02 10:30:59,2017-11-02 10:30:59,2017-11-02 15:20:59,2017-11-02 15:20:59,2017-11-02 15:22:59,2017-11-02 15:20:59,25541.05,25500,25500,25500,26000,25000,57.5,46.4,0.35,0.5,0.05,62.0,0.05,0.05,SqOFF,41.1,15.0,32.0,19728.0,1384495.0,1.4455214699652028,1.3844950000000014,1.4337100000000012,-3.432702568859794
203,2017-11-03,2017-11-09,2017-11-03 10:30:59,2017-11-03 10:30:59,2017-11-03 10:30:59,2017-11-03 10:30:59,2017-11-03 15:20:59,2017-11-03 15:20:59,2017-11-03 15:20:59,2017-11-03 15:20:59,25480.45,25500,25500,25500,26000,25000,142.3,189.3,20.9,42.9,248.75,105.15,47.9,24.55,SqOFF,-13.64999999999998,15.0,30.0,-6142.499999999992,1378352.5,-0.44366357408296825,1.3783525000000014,1.4337100000000012,-3.861136492038117
204,2017-11-06,2017-11-09,2017-11-06 10:30:59,2017-11-06 10:30:59,2017-11-06 10:30:59,2017-11-06 10:30:59,2017-11-06 15:20:59,2017-11-06 15:20:59,2017-11-06 15:20:59,2017-11-06 15:20:59,25607.0,25600,25600,25600,26100,25100,147.85,164.95,19.85,34.4,150.05,153.35,15.9,33.7,SqOFF,4.7499999999999805,15.0,30.0,2137.499999999991,1380490.0,0.155076440895924,1.3804900000000013,1.4337100000000012,-3.7120477641921856
205,2017-11-07,2017-11-09,2017-11-07 10:30:59,2017-11-07 10:30:59,2017-11-07 10:30:59,2017-11-07 10:30:59,2017-11-07 15:20:59,2017-11-07 15:20:59,2017-11-07 15:20:59,2017-11-07 15:20:59,25497.1,25500,25500,25500,26000,25000,134.0,166.15,15.35,34.5,73.55,213.05,7.4,44.5,SqOFF,15.599999999999998,15.0,30.0,7019.999999999999,1387510.0,0.5085150924671673,1.3875100000000014,1.4337100000000012,-3.2224089948455235
206,2017-11-08,2017-11-09,2017-11-08 10:30:59,2017-11-08 10:30:59,2017-11-08 10:30:59,2017-11-08 10:30:59,2017-11-08 15:20:59,2017-11-08 15:20:59,2017-11-08 15:20:59,2017-11-08 15:20:59,25364.95,25400,25400,25400,25900,24900,67.05,153.1,4.05,16.15,29.7,182.7,1.9,12.2,SqOFF,1.6500000000000004,15.0,31.0,767.2500000000002,1388277.25,0.05529689876109002,1.3882772500000014,1.4337100000000012,-3.168893988323982
207,2017-11-09,2017-11-09,2017-11-09 10:30:59,2017-11-09 10:30:59,2017-11-09 10:31:59,2017-11-09 10:30:59,2017-11-09 11:02:59,2017-11-09 11:02:59,2017-11-09 11:02:59,2017-11-09 11:02:59,25410.0,25400,25400,25400,25900,24900,27.0,92.55,0.1,1.2,9.6,149.0,0.05,2.5,SL,-37.800000000000004,15.0,32.0,-18144.000000000004,1370133.25,-1.3069435518013424,1.3701332500000014,1.4337100000000012,-4.434421884481498
208,2017-11-10,2017-11-16,2017-11-10 10:30:59,2017-11-10 10:30:59,2017-11-10 10:30:59,2017-11-10 10:30:59,2017-11-10 15:20:59,2017-11-10 15:20:59,2017-11-10 15:20:59,2017-11-10 15:20:59,25401.45,25400,25400,25400,25900,24900,152.5,193.15,23.75,47.2,223.95,119.6,34.5,28.2,SqOFF,-6.149999999999981,15.0,29.0,-2675.249999999992,1367458.0,-0.1952547316109577,1.3674580000000014,1.4337100000000012,-4.621018197543416
209,2017-11-13,2017-11-16,2017-11-13 10:30:59,2017-11-13 10:30:59,2017-11-13 10:30:59,2017-11-13 10:30:59,2017-11-13 15:20:59,2017-11-13 15:20:59,2017-11-13 15:20:59,2017-11-13 15:20:59,25546.2,25500,25500,25500,26000,25000,153.6,148.9,16.6,30.55,111.15,193.9,10.75,35.8,SqOFF,-3.1500000000000163,15.0,30.0,-1417.5000000000073,1366040.5,-0.10365949082165647,1.3660405000000013,1.4337100000000012,-4.719887564430727
210,2017-11-14,2017-11-16,2017-11-14 10:30:59,2017-11-14 10:30:59,2017-11-14 10:30:59,2017-11-14 10:30:59,2017-11-14 15:20:59,2017-11-14 15:20:59,2017-11-14 15:20:59,2017-11-14 15:20:59,25412.1,25400,25400,25400,25900,24900,111.85,150.0,8.75,18.6,87.2,155.1,4.65,16.55,SqOFF,13.399999999999997,15.0,30.0,6029.999999999998,1372070.5,0.44142175872530853,1.3720705000000013,1.4337100000000012,-4.299300416402187
211,2017-11-15,2017-11-16,2017-11-15 10:30:59,2017-11-15 10:30:59,2017-11-15 10:30:59,2017-11-15 10:30:59,2017-11-15 15:20:59,2017-11-15 15:20:59,2017-11-15 15:20:59,2017-11-15 15:20:59,25374.9,25400,25400,25400,25900,24900,57.35,152.7,1.95,9.7,25.4,169.45,0.7,9.35,SqOFF,13.600000000000003,15.0,31.0,6324.000000000001,1378394.5,0.46090926085795164,1.3783945000000013,1.4337100000000012,-3.8582070293155386
212,2017-11-16,2017-11-16,2017-11-16 10:30:59,2017-11-16 10:30:59,2017-11-16 10:34:59,2017-11-16 10:30:59,2017-11-16 15:20:59,2017-11-16 13:43:59,2017-11-16 15:21:59,2017-11-16 15:21:59,25410.1,25400,25400,25400,25900,24900,25.7,74.0,0.05,0.35,23.5,21.4,0.05,0.05,SqOFF,54.5,15.0,32.0,26160.0,1404554.5,1.8978601554199468,1.4045545000000015,1.4337100000000012,-2.0335702478185715
213,2017-11-17,2017-11-23,2017-11-17 10:30:59,2017-11-17 10:30:59,2017-11-17 10:30:59,2017-11-17 10:30:59,2017-11-17 15:20:59,2017-11-17 15:20:59,2017-11-17 15:20:59,2017-11-17 15:20:59,25920.0,25900,25900,25900,26400,25400,174.2,180.3,36.2,31.0,109.25,212.6,15.5,32.45,SqOFF,13.400000000000006,15.0,29.0,5829.000000000002,1410383.5,0.41500703603882955,1.4103835000000016,1.4337100000000012,-1.6270026713909762
214,2017-11-20,2017-11-23,2017-11-20 10:30:59,2017-11-20 10:30:59,2017-11-20 10:30:59,2017-11-20 10:30:59,2017-11-20 15:20:59,2017-11-20 15:20:59,2017-11-20 15:20:59,2017-11-20 15:20:59,25787.7,25800,25800,25800,26300,25300,114.6,160.0,11.6,19.25,131.05,129.75,13.5,15.25,SqOFF,11.699999999999983,15.0,31.0,5440.499999999992,1415824.0,0.3857461463495561,1.4158240000000017,1.4337100000000012,-1.2475326251473022
215,2017-11-21,2017-11-23,2017-11-21 10:30:59,2017-11-21 10:30:59,2017-11-21 10:30:59,2017-11-21 10:30:59,2017-11-21 15:20:59,2017-11-21 15:20:59,2017-11-21 15:20:59,2017-11-21 15:20:59,25901.0,25900,25900,25900,26400,25400,99.05,127.75,5.85,10.1,62.3,160.0,2.3,14.15,SqOFF,5.000000000000001,15.0,31.0,2325.0000000000005,1418149.0,0.1642153261987366,1.4181490000000019,1.4337100000000012,-1.085365938718378
216,2017-11-22,2017-11-23,2017-11-22 10:30:59,2017-11-22 10:30:59,2017-11-22 10:30:59,2017-11-22 10:30:59,2017-11-22 15:20:59,2017-11-22 15:20:59,2017-11-22 15:20:59,2017-11-22 15:20:59,25739.1,25700,25700,25700,26200,25200,95.75,91.75,3.45,4.8,104.65,48.35,3.1,2.2,SqOFF,31.54999999999999,15.0,32.0,15143.999999999995,1433293.0,1.0678708654732327,1.433293000000002,1.4337100000000012,-0.029085379888486737
217,2017-11-23,2017-11-23,2017-11-23 10:30:59,2017-11-23 10:30:59,2017-11-23 10:31:59,2017-11-23 10:30:59,2017-11-23 12:41:59,2017-11-23 12:41:59,2017-11-23 12:41:59,2017-11-23 12:41:59,25775.7,25800,25800,25800,26300,25300,22.5,66.0,0.05,0.3,8.95,107.75,0.05,0.3,SL,-28.2,15.0,33.0,-13959.0,1419334.0,-0.9739111263363458,1.4193340000000019,1.4337100000000012,-1.0027132404739638
218,2017-11-24,2017-11-30,2017-11-24 10:30:59,2017-11-24 10:30:59,2017-11-24 10:30:59,2017-11-24 10:30:59,2017-11-24 15:20:59,2017-11-24 15:20:59,2017-11-24 15:20:59,2017-11-24 15:20:59,25845.0,25800,25800,25800,26300,25300,173.9,131.45,24.05,26.05,171.6,126.3,27.9,23.5,SqOFF,8.75,15.0,30.0,3937.5,1423271.5,0.2774188457403261,1.423271500000002,1.4337100000000012,-0.7280761102314359
219,2017-11-27,2017-11-30,2017-11-27 10:30:59,2017-11-27 10:30:59,2017-11-27 10:30:59,2017-11-27 10:30:59,2017-11-27 15:20:59,2017-11-27 15:20:59,2017-11-27 15:20:59,2017-11-27 15:20:59,25766.05,25800,25800,25800,26300,25300,111.9,140.0,8.15,17.65,215.45,60.45,20.9,10.2,SqOFF,-18.69999999999999,15.0,31.0,-8695.499999999995,1414576.0,-0.6109515998880042,1.414576000000002,1.4337100000000012,-1.3345795174755761
220,2017-11-28,2017-11-30,2017-11-28 10:30:59,2017-11-28 10:30:59,2017-11-28 10:30:59,2017-11-28 10:30:59,2017-11-28 15:20:59,2017-11-28 15:20:59,2017-11-28 15:20:59,2017-11-28 15:20:59,25959.3,26000,26000,26000,26500,25500,93.0,123.25,5.45,14.55,48.4,171.25,3.45,20.2,SqOFF,0.25,15.0,31.0,116.25,1414692.25,0.008218010202350386,1.4146922500000019,1.4337100000000012,-1.326471183154143
221,2017-11-29,2017-11-30,2017-11-29 10:30:59,2017-11-29 10:30:59,2017-11-29 10:30:59,2017-11-29 10:30:59,2017-11-29 15:20:59,2017-11-29 15:20:59,2017-11-29 15:20:59,2017-11-29 15:20:59,25839.9,25800,25800,25800,26300,25300,110.8,75.0,4.1,5.7,79.0,70.15,2.4,4.0,SqOFF,33.249999999999986,15.0,32.0,15959.999999999993,1430652.25,1.1281605593018547,1.4306522500000018,1.4337100000000012,-0.21327534857114072
222,2017-11-30,2017-11-30,2017-11-30 10:30:59,2017-11-30 10:30:59,2017-11-30 10:30:59,2017-11-30 10:30:59,2017-11-30 15:01:59,2017-11-30 15:01:59,2017-11-30 15:01:59,2017-11-30 15:01:59,25561.15,25600,25600,25600,26100,25100,41.35,75.85,0.3,0.6,0.3,193.85,0.1,0.35,SL,-77.39999999999999,15.0,33.0,-38313.0,1392339.25,-2.6780092786349723,1.3923392500000018,1.4337100000000012,-2.8855730935823365
223,2017-12-01,2017-12-07,2017-12-01 10:30:59,2017-12-01 10:30:59,2017-12-01 10:30:59,2017-12-01 10:30:59,2017-12-01 15:01:59,2017-12-01 15:01:59,2017-12-01 15:01:59,2017-12-01 15:01:59,25470.0,25500,25500,25500,26000,25000,127.95,208.4,18.3,47.0,61.0,381.55,8.3,123.35,SL,-39.85000000000001,15.0,30.0,-17932.500000000004,1374406.75,-1.2879404211294054,1.3744067500000017,1.4337100000000012,-4.136349052458267
224,2017-12-04,2017-12-07,2017-12-04 10:30:59,2017-12-04 10:30:59,2017-12-04 10:30:59,2017-12-04 10:30:59,2017-12-04 15:20:59,2017-12-04 15:20:59,2017-12-04 15:20:59,2017-12-04 15:20:59,25259.05,25300,25300,25300,25800,24800,119.95,223.8,14.5,52.5,81.0,261.1,9.95,57.2,SqOFF,1.7999999999999936,15.0,30.0,809.9999999999972,1375216.75,0.0589345184749709,1.3752167500000017,1.4337100000000012,-4.079852271379808
225,2017-12-05,2017-12-07,2017-12-05 10:30:59,2017-12-05 10:30:59,2017-12-05 10:30:59,2017-12-05 10:30:59,2017-12-05 15:20:59,2017-12-05 15:20:59,2017-12-05 15:20:59,2017-12-05 15:20:59,25097.0,25100,25100,25100,25600,24600,112.4,187.2,12.8,32.85,147.9,104.8,13.4,11.35,SqOFF,25.999999999999993,15.0,30.0,11699.999999999996,1386916.75,0.8507749778353119,1.386916750000002,1.4337100000000012,-3.2637876558020236
226,2017-12-06,2017-12-07,2017-12-06 10:30:59,2017-12-06 10:30:59,2017-12-06 10:30:59,2017-12-06 10:30:59,2017-12-06 15:20:59,2017-12-06 15:20:59,2017-12-06 15:20:59,2017-12-06 15:20:59,25121.1,25100,25100,25100,25600,24600,89.0,140.4,6.2,14.25,11.9,246.0,1.4,14.25,SqOFF,-33.3,15.0,32.0,-15983.999999999998,1370932.75,-1.1524844587824035,1.370932750000002,1.4337100000000012,-4.378657469083649
227,2017-12-07,2017-12-07,2017-12-07 10:30:59,2017-12-07 10:30:59,2017-12-07 10:30:59,2017-12-07 10:30:59,2017-12-07 15:20:59,2017-12-07 15:20:59,2017-12-07 15:20:59,2017-12-07 15:20:59,25038.15,25000,25000,25000,25500,24500,33.15,68.0,0.15,0.55,51.1,0.15,0.05,0.05,SqOFF,49.29999999999999,15.0,33.0,24403.499999999993,1395336.25,1.7800654335524475,1.395336250000002,1.4337100000000012,-2.6765350035920217
228,2017-12-08,2017-12-14,2017-12-08 10:30:59,2017-12-08 10:30:59,2017-12-08 10:30:59,2017-12-08 10:30:59,2017-12-08 15:20:59,2017-12-08 15:20:59,2017-12-08 15:20:59,2017-12-08 15:20:59,25320.0,25300,25300,25300,25800,24800,136.55,162.15,16.1,28.45,148.7,126.55,17.35,20.35,SqOFF,16.600000000000033,15.0,31.0,7719.0000000000155,1403055.25,0.5531999903249138,1.4030552500000018,1.4337100000000012,-2.138141604648037
229,2017-12-11,2017-12-14,2017-12-11 10:30:59,2017-12-11 10:30:59,2017-12-11 10:30:59,2017-12-11 10:30:59,2017-12-11 15:20:59,2017-12-11 15:20:59,2017-12-11 15:20:59,2017-12-11 15:20:59,25451.0,25500,25500,25500,26000,25000,83.9,164.85,6.85,19.6,73.75,178.0,4.65,20.8,SqOFF,-4.0,15.0,31.0,-1860.0,1401195.25,-0.1325678372252269,1.4011952500000018,1.4337100000000012,-2.2678749537911673
230,2017-12-12,2017-12-14,2017-12-12 10:30:59,2017-12-12 10:30:59,2017-12-12 10:30:59,2017-12-12 10:30:59,2017-12-12 15:20:59,2017-12-12 15:20:59,2017-12-12 15:20:59,2017-12-12 15:20:59,25220.2,25200,25200,25200,25700,24700,102.95,113.35,6.8,12.05,77.0,141.0,4.65,13.05,SqOFF,-2.8500000000000023,15.0,32.0,-1368.0000000000011,1399827.25,-0.09763093330497667,1.3998272500000017,1.4337100000000012,-2.36329173961257
231,2017-12-13,2017-12-14,2017-12-13 10:30:59,2017-12-13 10:30:59,2017-12-13 10:30:59,2017-12-13 10:30:59,2017-12-13 11:52:59,2017-12-13 11:52:59,2017-12-13 11:52:59,2017-12-13 11:52:59,25097.95,25100,25100,25100,25600,24600,72.0,111.35,2.7,7.45,207.25,32.55,12.45,3.4,SL,-50.75,15.0,32.0,-24360.0,1375467.25,-1.7402147300675852,1.3754672500000018,1.4337100000000012,-4.06238011871294
232,2017-12-14,2017-12-14,2017-12-14 10:30:59,2017-12-14 10:30:59,2017-12-14 10:30:59,2017-12-14 10:30:59,2017-12-14 15:20:59,2017-12-14 15:20:59,2017-12-14 15:20:59,2017-12-14 15:20:59,25048.0,25000,25000,25000,25500,24500,59.45,67.1,0.5,0.75,146.0,0.05,0.05,0.05,SqOFF,-20.65,15.0,32.0,-9912.0,1365555.25,-0.7206278448287301,1.3655552500000019,1.4337100000000012,-4.753733321243432
233,2017-12-15,2017-12-21,2017-12-15 10:30:59,2017-12-15 10:30:59,2017-12-15 10:30:59,2017-12-15 10:30:59,2017-12-15 15:20:59,2017-12-15 15:20:59,2017-12-15 15:20:59,2017-12-15 15:20:59,25493.0,25500,25500,25500,26000,25000,209.95,241.35,53.6,79.8,219.95,234.9,59.6,82.85,SqOFF,5.499999999999986,15.0,28.0,2309.999999999994,1367865.25,0.16916195811191045,1.367865250000002,1.4337100000000012,-4.592612871501153
234,2017-12-18,2017-12-21,2017-12-18 10:30:59,2017-12-18 10:30:59,2017-12-18 10:30:59,2017-12-18 10:30:59,2017-12-18 15:20:59,2017-12-18 15:20:59,2017-12-18 15:20:59,2017-12-18 15:20:59,25647.45,25600,25600,25600,26100,25100,195.95,172.05,44.75,44.65,145.65,178.5,21.0,43.0,SqOFF,18.449999999999996,15.0,29.0,8025.749999999997,1375891.0,0.5867354258761963,1.375891000000002,1.4337100000000012,-4.0328239323154005
235,2017-12-19,2017-12-21,2017-12-19 10:30:59,2017-12-19 10:30:59,2017-12-19 10:30:59,2017-12-19 10:30:59,2017-12-19 15:20:59,2017-12-19 15:20:59,2017-12-19 15:20:59,2017-12-19 15:20:59,25645.25,25600,25600,25600,26100,25100,139.55,123.35,11.5,18.75,168.8,77.6,13.7,8.85,SqOFF,8.799999999999999,15.0,30.0,3959.999999999999,1379851.0,0.2878134968540385,1.379851000000002,1.4337100000000012,-3.7566174470429288
236,2017-12-20,2017-12-21,2017-12-20 10:30:59,2017-12-20 10:30:59,2017-12-20 10:30:59,2017-12-20 10:30:59,2017-12-20 15:20:59,2017-12-20 15:20:59,2017-12-20 15:20:59,2017-12-20 15:20:59,25675.3,25700,25700,25700,26200,25200,69.3,118.75,2.55,6.1,41.75,122.85,2.05,5.1,SqOFF,21.950000000000003,15.0,31.0,10206.75,1390057.75,0.7396994313154102,1.3900577500000018,1.4337100000000012,-3.0447056936200037
237,2017-12-21,2017-12-21,2017-12-21 10:30:59,2017-12-21 10:30:59,2017-12-21 10:30:59,2017-12-21 10:30:59,2017-12-21 15:20:59,2017-12-21 15:20:59,2017-12-21 15:19:59,2017-12-21 15:21:59,25573.85,25600,25600,25600,26100,25100,23.55,90.2,0.05,0.45,0.1,32.9,0.05,0.05,SqOFF,80.35,15.0,32.0,38568.0,1428625.75,2.774560984966272,1.4286257500000017,1.4337100000000012,-0.35462192493596706
238,2017-12-22,2017-12-28,2017-12-22 10:30:59,2017-12-22 10:30:59,2017-12-22 10:30:59,2017-12-22 10:30:59,2017-12-22 15:20:59,2017-12-22 15:20:59,2017-12-22 15:20:59,2017-12-22 15:20:59,25640.05,25600,25600,25600,26100,25100,160.05,125.9,14.4,21.25,168.0,101.75,13.3,15.7,SqOFF,9.550000000000017,15.0,31.0,4440.750000000008,1433066.5,0.31084068028313283,1.4330665000000016,1.4337100000000012,-0.04488355385674749
239,2017-12-26,2017-12-28,2017-12-26 10:30:59,2017-12-26 10:30:59,2017-12-26 10:30:59,2017-12-26 10:30:59,2017-12-26 15:20:59,2017-12-26 15:20:59,2017-12-26 15:20:59,2017-12-26 15:20:59,25611.0,25600,25600,25600,26100,25100,115.5,101.0,5.75,10.25,146.2,64.5,6.7,5.65,SqOFF,2.150000000000012,15.0,32.0,1032.0000000000057,1434098.5,0.07201340621666934,1.4340985000000017,1.4340985000000017,0.0
240,2017-12-27,2017-12-28,2017-12-27 10:30:59,2017-12-27 10:30:59,2017-12-27 10:30:59,2017-12-27 10:30:59,2017-12-27 14:46:59,2017-12-27 14:46:59,2017-12-27 14:46:59,2017-12-27 14:46:59,25710.05,25700,25700,25700,26200,25200,88.75,76.0,2.45,4.5,22.4,198.85,1.5,11.75,SL,-50.2,15.0,33.0,-24849.000000000004,1409249.5,-1.7327261690881068,1.4092495000000016,1.4340985000000017,-1.732726169088113
241,2017-12-28,2017-12-28,2017-12-28 10:30:59,2017-12-28 10:30:59,2017-12-28 10:30:59,2017-12-28 10:30:59,2017-12-28 15:14:59,2017-12-28 15:14:59,2017-12-28 15:14:59,2017-12-28 15:14:59,25471.7,25500,25500,25500,26000,25000,41.5,77.1,0.15,1.05,6.65,9.5,0.05,0.05,TP,101.35,15.0,33.0,50168.24999999999,1459417.75,3.5599267553403418,1.4594177500000016,1.4594177500000016,0.0
242,2017-12-29,2018-01-04,2017-12-29 10:30:59,2017-12-29 10:30:59,2017-12-29 10:30:59,2017-12-29 10:30:59,2017-12-29 15:20:59,2017-12-29 15:20:59,2017-12-29 15:20:59,2017-12-29 15:20:59,25573.0,25600,25600,25600,26100,25100,103.9,177.75,9.0,24.45,95.15,171.55,5.95,21.0,SqOFF,8.449999999999989,15.0,32.0,4055.9999999999945,1463473.75,0.27791905367739944,1.4634737500000017,1.4634737500000017,0.0
